001448075a41a5fc,https://c5.staticflickr.com/4/3845/14965408489_cef9853573_o.jpg
001e1cf3abbee3cd,https://c6.staticflickr.com/3/2638/3746036453_f30b9810ef_o.jpg
002909b6545b9415,https://farm6.staticflickr.com/5091/5566348511_304f674975_o.jpg
004757c65777f5bd,https://c6.staticflickr.com/4/3060/2705974153_6fa97a813d_o.jpg
004b15cae564f42a,https://c3.staticflickr.com/8/7186/6794090980_6f3d13cccf_o.jpg
004b1faa4c70f07f,https://c8.staticflickr.com/4/3160/2307719784_27f034822e_o.jpg
005ac184bca26621,https://farm2.staticflickr.com/7171/6731149715_eb91e789c8_o.jpg
006caaa8e2303932,https://farm3.staticflickr.com/2491/3779710966_ff981731f5_o.jpg
006de763a012249f,https://c8.staticflickr.com/8/7225/7189601716_9f831975da_o.jpg
008671b11cf951d6,https://farm7.staticflickr.com/7515/15712908937_67a99c0814_o.jpg
008c7c56b2f378b9,https://c2.staticflickr.com/8/7460/9361416796_c11fe8d5dd_o.jpg
00a1675e670756a1,https://farm2.staticflickr.com/7120/8153161908_23bc88fec4_o.jpg
00ad38d8a87e2304,https://farm5.staticflickr.com/4131/4970838227_4d7d8b0e39_o.jpg
00caaa8bfa0b081f,https://c8.staticflickr.com/5/4118/4890602197_2c6429ee70_o.jpg
00d45b5fe13eedaf,https://c8.staticflickr.com/6/5085/5240852365_eaaf1b169d_o.jpg
00de052fceb49296,https://farm7.staticflickr.com/3554/3540480027_ed21ac96b4_o.jpg
00e1e0c426822274,https://farm5.staticflickr.com/7249/7047549137_b21cf7e492_o.jpg
00e6f00813183e75,https://farm6.staticflickr.com/41/123863909_c98f28eed1_o.jpg
00f106127d8321ca,https://c3.staticflickr.com/1/62/163847443_c51c78838d_o.jpg
00f21db506cdafc4,https://farm5.staticflickr.com/2057/2188426956_7dd085be84_o.jpg
00fce23ec950e6e2,https://farm3.staticflickr.com/61/213833016_ef4de98d72_o.jpg
0114e2905fda0b8d,https://c6.staticflickr.com/8/7378/9736339989_ac79630e22_o.jpg
012b10d5ee556e1f,https://c8.staticflickr.com/3/2440/5772097496_83832e51ab_o.jpg
013d7297f29fcec4,https://farm5.staticflickr.com/2043/2404178248_7e9857b974_o.jpg
0170163dd9945184,https://farm5.staticflickr.com/4050/4545817806_e12c24e871_o.jpg
017fcca3c5629180,https://farm1.staticflickr.com/5468/7164544474_340c8bcdcd_o.jpg
018e706d705be36a,https://c3.staticflickr.com/3/2090/2095514762_ba82d5b931_o.jpg
01953cb6006239b6,https://farm7.staticflickr.com/7235/7043720101_e124902e9c_o.jpg
019fa1ef69945a4e,https://c7.staticflickr.com/4/3721/19736538239_a696920dbf_o.jpg
01a592b1ed50a7e9,https://c2.staticflickr.com/6/5213/5421012478_ea9c67ca20_o.jpg
01b7e552aed7ad9a,https://c3.staticflickr.com/9/8358/8445091447_eb4b3644fe_o.jpg
01ba0cc87ed08d1a,https://c3.staticflickr.com/4/3173/2697029102_22fc46648a_o.jpg
01c7acdef4c6033c,https://c5.staticflickr.com/4/3183/2581574964_61b81a7edf_o.jpg
01c975a34dcffb07,https://farm8.staticflickr.com/6173/6172473399_89a4e211f2_o.jpg
01dbc10198d9699e,https://c7.staticflickr.com/8/7048/13641006973_d2a126a535_o.jpg
01dfe6199b25e967,https://farm8.staticflickr.com/4027/4212464015_6e2d82bca7_o.jpg
021338a0b02737e6,https://farm7.staticflickr.com/94/232067611_402f394404_o.jpg
0213c35f821a8dcd,https://c6.staticflickr.com/5/4093/4763289818_0e072ac9e6_o.jpg
022012cb71bb8b69,https://c2.staticflickr.com/3/2196/2106513158_6b1a42b134_o.jpg
0224b6ae2d8fee7e,https://c7.staticflickr.com/3/2172/2506437238_45b9065bdf_o.jpg
0244b8769d951bf6,https://farm7.staticflickr.com/2821/9206231498_9c34246c13_o.jpg
027d7b4e36ace83d,https://c6.staticflickr.com/5/4111/4973033859_78c64fe85b_o.jpg
0280971a3c7ba8c7,https://farm8.staticflickr.com/4064/4712990484_0bdbeebba5_o.jpg
0285e5693f474f56,https://farm7.staticflickr.com/5304/5728192736_0767b95464_o.jpg
0292d055e91ded3a,https://c3.staticflickr.com/6/5094/5723575420_fbf1201fdd_o.jpg
0293fc9d76a32f55,https://farm6.staticflickr.com/3120/2382933272_9edf5d069f_o.jpg
02b1be7d2e7559cd,https://c6.staticflickr.com/8/7386/12915586685_f00a722b97_o.jpg
02be13d6752d2c30,https://farm1.staticflickr.com/2713/4402604598_d3d7f8430a_o.jpg
02cbd30067d6facb,https://c4.staticflickr.com/8/7593/16372094513_43c0831734_o.jpg
02df50dfb458a1fd,https://c6.staticflickr.com/4/3441/3759267773_c6b0fa8d97_o.jpg
0303a7fb5fc500fd,https://c6.staticflickr.com/3/2803/4484900305_fb361fc695_o.jpg
030c8bd7356c6605,https://farm6.staticflickr.com/2862/9781903586_1d11e6b444_o.jpg
031b60ad005e4b64,https://farm5.staticflickr.com/4143/4937570559_6432375b5f_o.jpg
032a9e8499a566cb,https://c4.staticflickr.com/1/30/54426855_995ceb0d6c_o.jpg
032b52df9b716e89,https://c2.staticflickr.com/5/4094/4920216979_06150328ef_o.jpg
03390fac9fdfdbe7,https://farm8.staticflickr.com/8516/8588043343_4fc09d3fba_o.jpg
035ba47d3801fc4f,https://c8.staticflickr.com/4/3322/4589823206_36835d570e_o.jpg
036f28ac1dd6c7de,https://c7.staticflickr.com/5/4091/5067227288_9856e05e54_o.jpg
037bec33190d4777,https://farm8.staticflickr.com/2905/14492155963_c211296ee9_o.jpg
039263c25e027636,https://farm7.staticflickr.com/5563/15267945315_e9e7bd2c34_o.jpg
039d60651f127ffd,https://c6.staticflickr.com/8/7310/9494515614_d12935d8ba_o.jpg
039f92d6eea6f609,https://c2.staticflickr.com/1/179/452658063_e93d88b8db_o.jpg
03c4bc6e6bf452ba,https://c3.staticflickr.com/2/1367/1456635582_7df97939c6_o.jpg
03d54463ca48ea05,https://farm6.staticflickr.com/2448/3779711726_b84faa200a_o.jpg
03e789c5f688e214,https://farm5.staticflickr.com/3237/2830383315_75c435e615_o.jpg
03f5eaa91aa050d7,https://farm8.staticflickr.com/3101/2302093775_382706eb80_o.jpg
040c344af6a4e41c,https://c5.staticflickr.com/8/7131/7799363078_1717663c90_o.jpg
041126f20ef29ca5,https://farm6.staticflickr.com/7382/12616817933_3fc931a9fe_o.jpg
042272284cb6527a,https://c3.staticflickr.com/9/8217/8360554315_270435b753_o.jpg
0428ffc74a82e61e,https://c7.staticflickr.com/1/21/33506574_4f97edfbb8_o.jpg
045de923a3040da9,https://c2.staticflickr.com/9/8221/8337028765_cd5997ffa3_o.jpg
048f511cfb3fc4fb,https://c4.staticflickr.com/7/6148/6014472468_94b9c617d3_o.jpg
048f959dba0e50c0,https://farm1.staticflickr.com/2263/2269769857_679db8c4bc_o.jpg
04b4cfc63cba9a9b,https://c4.staticflickr.com/3/2947/15508849392_64cbc53942_o.jpg
04b71667d63ef97f,https://c8.staticflickr.com/5/4105/4966656580_f2dcf34655_o.jpg
04bcfabe07fbda2f,https://c8.staticflickr.com/6/5099/5459316617_2aaaa9ecaf_o.jpg
04be3081c8d1c31b,https://c4.staticflickr.com/5/4057/4495438746_54a63c696b_o.jpg
04d486899c62fb2a,https://c3.staticflickr.com/5/4124/4982220225_0af724ea7e_o.jpg
04dd5018cacf40a8,https://c1.staticflickr.com/9/8617/16422936999_e09e04e0da_o.jpg
04f593af996a13e2,https://farm3.staticflickr.com/2041/2132819737_f3bf99bf7a_o.jpg
0516a66cba8401b2,https://farm3.staticflickr.com/3491/3829624467_601efe4cbe_o.jpg
0539f321b5f56e59,https://c2.staticflickr.com/5/4066/4317834800_b7c9216824_o.jpg
053f44fecf3eca71,https://farm2.staticflickr.com/3645/3414823420_0d19d1e953_o.jpg
054aca86d1942435,https://farm6.staticflickr.com/8177/7993926435_02cc9d7568_o.jpg
0562f7ec92dc307f,https://c8.staticflickr.com/9/8810/16824048653_d74f7f60b1_o.jpg
05639c5b57606646,https://farm7.staticflickr.com/7207/7109982667_650f95e10e_o.jpg
05780864227efc53,https://farm4.staticflickr.com/4093/4821603208_2498f9bb25_o.jpg
059e9332c703b8ce,https://c7.staticflickr.com/4/3277/3038940792_7c82b4ea8f_o.jpg
05a464d4ae29195e,https://c7.staticflickr.com/3/2035/4512002570_d499f038f4_o.jpg
05e0ee31533afa00,https://farm1.staticflickr.com/7286/8742093585_80dcb52863_o.jpg
05e2d527c983a672,https://farm3.staticflickr.com/5607/15322509170_04f8e9fd5d_o.jpg
05f8966b24a6716c,https://c5.staticflickr.com/5/4047/4522693766_51820becc5_o.jpg
06040fd0428195df,https://c8.staticflickr.com/4/3192/2706770816_1fd4dc6c24_o.jpg
0611b8f1d09cb02c,https://c5.staticflickr.com/7/6017/5943591906_c122e579e3_o.jpg
0619e729e4df4088,https://c1.staticflickr.com/2/1005/1333166825_8de6c4a839_o.jpg
062a9cef4fa1df7f,https://c8.staticflickr.com/8/7369/11263361135_72844557b1_o.jpg
064999eeff4b65e0,https://farm1.staticflickr.com/7064/6981060741_47050b837e_o.jpg
0671258c3d8021df,https://c8.staticflickr.com/7/6014/5927639784_ebbdae49ef_o.jpg
0686611e01a5af67,https://farm8.staticflickr.com/3395/3646605208_80ff97408b_o.jpg
06934261aea3217d,https://c6.staticflickr.com/4/3363/3434607201_cb08d21eb4_o.jpg
069accb775b09acf,https://c8.staticflickr.com/1/26/35210367_5218f901b7_o.jpg
06b65100044d6933,https://farm4.staticflickr.com/5007/5356342101_cf00c7737e_o.jpg
06e039d4d15e8a10,https://farm1.staticflickr.com/1243/718557947_7876d63fa1_o.jpg
06e8355586317670,https://farm1.staticflickr.com/6204/6070922823_c537bc9b98_o.jpg
06f2ca85153d19ee,https://c7.staticflickr.com/1/156/433598452_2a54660423_o.jpg
071db0592bacba2c,https://c5.staticflickr.com/4/3590/3582143652_6ec6855425_o.jpg
073745223208a16f,https://c8.staticflickr.com/9/8046/8125089665_337190fbe7_o.jpg
076f8190334418b5,https://farm6.staticflickr.com/8509/8360209766_4d50d23cbc_o.jpg
07871895f3858366,https://farm7.staticflickr.com/7453/9431045095_de6886e7e2_o.jpg
078d2c0760aa70f7,https://farm8.staticflickr.com/3632/3601609076_7826be65b1_o.jpg
07b4cfd27fb6aaa5,https://farm6.staticflickr.com/7284/16802353791_0d6a68a4fb_o.jpg
07bbd0cd40c19c01,https://farm2.staticflickr.com/283/19268595339_381e288dd0_o.jpg
07d9a6e0946d21d3,https://farm4.staticflickr.com/3877/14948995760_b8c89fcc42_o.jpg
07f12fff504fff2a,https://c3.staticflickr.com/8/7158/6423077013_24140085b2_o.jpg
07f3a95279682673,https://farm4.staticflickr.com/1118/928652386_63d21f7830_o.jpg
0821f941f53fb519,https://c2.staticflickr.com/7/6200/6042440468_4a9624dc33_o.jpg
087d7b2012463256,https://farm7.staticflickr.com/3226/3078628247_c819bc270e_o.jpg
0886ad5a7c962e60,https://farm1.staticflickr.com/2590/4204091255_9315470b66_o.jpg
088a2ed9884541ed,https://c6.staticflickr.com/4/3418/3182245079_d2fba3aae6_o.jpg
08d0c3d9f1a64dad,https://c6.staticflickr.com/6/5012/5541549958_93b6c4565e_o.jpg
08ddc5ed1451b9c9,https://c2.staticflickr.com/8/7258/7643592102_93374fa58c_o.jpg
08e57f50f0252e2b,https://c4.staticflickr.com/4/3830/19011395196_37e587f74c_o.jpg
0904c5a4602487dd,https://c6.staticflickr.com/7/6199/6070767108_b5cab05b97_o.jpg
091918958fbb6e3d,https://c6.staticflickr.com/9/8233/8503526243_6333341e78_o.jpg
0940fbd68054d965,https://farm6.staticflickr.com/2339/1675393671_12c2120a7a_o.jpg
0965bcca1dfaa361,https://farm2.staticflickr.com/6211/6254663473_d26e79017f_o.jpg
096e9588680358d2,https://farm3.staticflickr.com/2752/4396952125_964c91b256_o.jpg
098efdc438da1475,https://farm6.staticflickr.com/6006/6005376201_d92c253228_o.jpg
098fd32ebcd9e047,https://farm8.staticflickr.com/4015/4696642475_30ef62a413_o.jpg
09a1d11f21b2ba63,https://farm4.staticflickr.com/7067/6940203529_c7f628ba6f_o.jpg
09b95eaf291c6e22,https://farm3.staticflickr.com/4139/4923965639_e9ca9c9285_o.jpg
09b9d7ab224f0f6c,https://c5.staticflickr.com/6/5325/17460488626_e3fd1f02fb_o.jpg
09bab67a084bb6fb,https://c4.staticflickr.com/3/2907/14136104050_3906c4a3c8_o.jpg
09c4840e08e0e30a,https://c3.staticflickr.com/3/2907/14110243073_05b0c7dc0c_o.jpg
09da9c9bc3207f91,https://farm2.staticflickr.com/2415/2369174366_f6c9c368fc_o.jpg
0a0a649184e50cba,https://c3.staticflickr.com/8/7182/13955210551_b6871d8522_o.jpg
0a0c0170a0362351,https://farm2.staticflickr.com/7182/6953464375_78c00eeff0_o.jpg
0a1e8ef21225e597,https://farm8.staticflickr.com/8452/7993966804_4f7fdab729_o.jpg
0a2d1d91608d9be5,https://farm6.staticflickr.com/3677/9205758910_898fb4994f_o.jpg
0a492167450fbaa9,https://c2.staticflickr.com/4/3626/3299890078_9979c74c6c_o.jpg
0a5b1f2391bcbbb5,https://farm6.staticflickr.com/7394/9551371374_aa8567ab7e_o.jpg
0a8a603fa89b3c7f,https://c8.staticflickr.com/3/2090/2877271417_d83d0ffbe3_o.jpg
0a97b618e29752b2,https://farm3.staticflickr.com/8810/16601340424_88d9e23582_o.jpg
0aa5544934eb732e,https://c7.staticflickr.com/9/8162/7170364395_a5728ce598_o.jpg
0aa6d4e650d9b4a9,https://c2.staticflickr.com/1/255/19443045346_57ca30628f_o.jpg
0aadbf258766fc35,https://farm6.staticflickr.com/2635/3779711212_1fcb4a7bdf_o.jpg
0aaf72b925207059,https://c2.staticflickr.com/9/8762/17037723986_60d816e719_o.jpg
0ac4d2cc5204a6db,https://c4.staticflickr.com/3/2254/2360030975_395bffe8c2_o.jpg
0ad07bd4198066e6,https://farm7.staticflickr.com/2771/4396951663_143347772c_o.jpg
0b07cd8b2aa930db,https://c4.staticflickr.com/8/7328/8931557754_a90e15aaf9_o.jpg
0b1777a377e50627,https://farm8.staticflickr.com/5020/5532861727_2785fe9e24_o.jpg
0b1ca48b05401741,https://farm2.staticflickr.com/7266/7612996564_f8d10d95d5_o.jpg
0b3d8abe006cc4c9,https://c2.staticflickr.com/9/8681/16088109003_3ae442c13c_o.jpg
0b5e36e61c39df03,https://farm4.staticflickr.com/756/20849798786_7689378e96_o.jpg
0b683cef936faeeb,https://c4.staticflickr.com/6/5557/14475757533_3c70bf697a_o.jpg
0b68ffb5943b3c65,https://farm6.staticflickr.com/7124/7039434305_e014767d84_o.jpg
0b79fa071e29349c,https://c5.staticflickr.com/1/25/263093495_49e957b0e0_o.jpg
0bb6f9ede83ac885,https://farm6.staticflickr.com/3075/2574693480_809ceda7b1_o.jpg
0bc393037bbbfc9d,https://c6.staticflickr.com/9/8369/8565968365_c1e2b9cce3_o.jpg
0bc4b478c0a480cc,https://c5.staticflickr.com/1/50/134035820_6e9e83e4b6_o.jpg
0bcafd04f4e817a3,https://farm4.staticflickr.com/3282/2565614622_b99cd180be_o.jpg
0bce3a7076fea56c,https://c5.staticflickr.com/4/3310/3562133963_fb0bb108b7_o.jpg
0bda242ca1df5723,https://farm4.staticflickr.com/3272/2974995485_fea50192b1_o.jpg
0c02492e5d6ee1e0,https://farm1.staticflickr.com/4091/5176189759_cc9de4bd84_o.jpg
0c0b68686ece1d78,https://c1.staticflickr.com/1/20/73734956_a9c39e8344_o.jpg
0c1d1687bf7001a7,https://farm8.staticflickr.com/4145/4989336617_2a14b28499_o.jpg
0c484b12fb4218db,https://c4.staticflickr.com/9/8266/8763516950_a8eeb02b80_o.jpg
0c573e793d99ac18,https://c1.staticflickr.com/4/3177/2767337653_d96a3703fd_o.jpg
0c89472726f82387,https://farm8.staticflickr.com/3110/2697074656_c2c6bb9087_o.jpg
0caa78b5467e23a1,https://farm2.staticflickr.com/53/165161290_4aeeb9fbac_o.jpg
0ce129bf88e7696a,https://c3.staticflickr.com/1/346/19414892490_f38a1eeb2f_o.jpg
0ce73f19ac3b3b78,https://c1.staticflickr.com/6/5145/5655779703_b929bd7626_o.jpg
0d03b52422988d7d,https://c6.staticflickr.com/6/5125/5292923260_4b4da32e23_o.jpg
0d102af9ed7e5033,https://farm4.staticflickr.com/3657/3310688553_0844cb2446_o.jpg
0d18a88d79444d2e,https://c7.staticflickr.com/1/307/19089930340_2c79696ac8_o.jpg
0d5a60ff732a9e69,https://c2.staticflickr.com/9/8238/8488191530_62d4261c4a_o.jpg
0d74bc8d74a271a1,https://farm2.staticflickr.com/5295/5581249435_9c1b8ba882_o.jpg
0da781840ca6cd0c,https://c5.staticflickr.com/3/2804/4123458248_230f02aea1_o.jpg
0dad6d87fac1cb43,https://farm4.staticflickr.com/7459/12089688063_c6232cf0ca_o.jpg
0de2646bfd7a9620,https://farm1.staticflickr.com/5243/5327026956_1b0c8d4cfb_o.jpg
0de40d2228fd7e04,https://farm5.staticflickr.com/4/5736315_909d863427_o.jpg
0dfe6d1c9768018b,https://c4.staticflickr.com/1/36/86018142_49eb52cdce_o.jpg
0e27c6208b976d9d,https://c6.staticflickr.com/5/4130/4976540031_661fac3122_o.jpg
0e53d09b5a5621d1,https://farm2.staticflickr.com/3812/11006662073_bae25b875a_o.jpg
0e554242fd58be61,https://farm2.staticflickr.com/2254/1871387664_9b88042818_o.jpg
0e66962f5c096967,https://farm8.staticflickr.com/3483/3467493850_2e1ac61403_o.jpg
0e6a2fefd5227112,https://farm3.staticflickr.com/8634/16401459277_80d88cc018_o.jpg
0eba7937088c0438,https://c1.staticflickr.com/5/4043/4462996063_d4566ca3e2_o.jpg
0ec1389e39f8d3d2,https://farm3.staticflickr.com/3171/2302717052_3b8b2e45a2_o.jpg
0ed95a1f736d4872,https://farm3.staticflickr.com/7192/13924816980_117783a9cb_o.jpg
0edd42219f6726ca,https://c3.staticflickr.com/4/3220/3120475403_b40c338977_o.jpg
0eee0983b9147241,https://farm2.staticflickr.com/89/254903934_56273af9b0_o.jpg
0ef1abe2267c943e,https://c7.staticflickr.com/1/110/285654822_553120958a_o.jpg
0f08a0d66368c5a0,https://farm1.staticflickr.com/4124/4989525324_c9ea88fdee_o.jpg
0f0dc446c293f0e2,https://farm3.staticflickr.com/8248/8564058886_486b729782_o.jpg
0f1c3ebb8e2e7775,https://farm6.staticflickr.com/43/97093488_9b095eb35c_o.jpg
0f245a6c3b6c888c,https://c5.staticflickr.com/7/6136/6012097071_e9310ca781_o.jpg
0f2cefdc48e3a430,https://farm1.staticflickr.com/2841/12521215405_480a5a2935_o.jpg
0f392624127464c5,https://farm6.staticflickr.com/3860/14716515859_9e96e79123_o.jpg
0f4bd0dd0f34a7c2,https://farm3.staticflickr.com/3864/14445490833_06fdfe9504_o.jpg
0f4dfb3abf7a0095,https://farm6.staticflickr.com/7260/8155298579_c54893be6e_o.jpg
0f724910963dff75,https://farm6.staticflickr.com/8328/8110176958_c453143816_o.jpg
0f7fbe2680aa9380,https://farm1.staticflickr.com/3324/3407865710_735df9715f_o.jpg
0f904ca45b165ced,https://c6.staticflickr.com/3/2172/2420702375_8153afde33_o.jpg
0f942ae642329345,https://farm6.staticflickr.com/8439/7798516530_4416af19fc_o.jpg
0fad39ccfc657ba5,https://farm6.staticflickr.com/110/292909790_beaf2dbce8_o.jpg
0fb10293043c990e,https://c7.staticflickr.com/8/7223/7369921434_9ee0cb1c00_o.jpg
0fb50a7c442e0fb6,https://farm7.staticflickr.com/2704/4200149893_a02f2654a9_o.jpg
101c803010d6bfe0,https://farm1.staticflickr.com/2744/4182437556_d9378870a2_o.jpg
1037a506d852231c,https://c5.staticflickr.com/6/5528/9051379301_a7af4fe872_o.jpg
1056389ce075e166,https://farm7.staticflickr.com/363/20050974948_4cf537a262_o.jpg
10763a1cc9e84bf4,https://farm5.staticflickr.com/3366/3640826092_4a39058ba0_o.jpg
107873b8211d2fb3,https://farm4.staticflickr.com/7447/16298088048_08edcd56e9_o.jpg
1099626fe1d4a39c,https://c5.staticflickr.com/1/54/111942948_5c258cc9bd_o.jpg
10b4b034b54bb13e,https://c7.staticflickr.com/4/3914/14979107395_c83db33479_o.jpg
10c842338b1c338d,https://c6.staticflickr.com/5/4024/4623711371_330643f502_o.jpg
10d91e066a7e7d94,https://farm5.staticflickr.com/7311/16351267331_f41cea5edf_o.jpg
10de4332fbdbda12,https://farm3.staticflickr.com/3351/3540009442_85f9b5e1e6_o.jpg
10ededb4b08b55a4,https://farm5.staticflickr.com/6023/5981362724_a29bf85933_o.jpg
1100e271fb475048,https://c1.staticflickr.com/4/3141/2768184462_7d94df1d43_o.jpg
112076033509c47a,https://c3.staticflickr.com/8/7241/13740402154_44da92cfc3_o.jpg
114ea37efbb36e41,https://farm2.staticflickr.com/7131/7842150040_d15ff354a2_o.jpg
11bc629532fafa89,https://c2.staticflickr.com/1/38/82437658_99dae90437_o.jpg
11f6dd3ce75af3be,https://c7.staticflickr.com/5/4025/4327784095_bfd904f241_o.jpg
12013a0b650c0070,https://farm1.staticflickr.com/182/376871718_8b6271b36f_o.jpg
1213b1dbcfb87381,https://farm2.staticflickr.com/48/130149019_f7e12bca6e_o.jpg
122828e863b3d2f6,https://farm7.staticflickr.com/8044/8101490162_9cbec92a3c_o.jpg
122f3efe6931090d,https://c6.staticflickr.com/1/118/280214977_9000d9b7fa_o.jpg
12498a6ca767492e,https://c7.staticflickr.com/9/8066/8271653849_e14bba5eb0_o.jpg
125afc2421158fab,https://c4.staticflickr.com/8/7263/7412160730_a40d830231_o.jpg
1279a07589dee6c6,https://farm7.staticflickr.com/3220/2706772112_7afc11d97e_o.jpg
128b7c3cb2e35a07,https://farm8.staticflickr.com/222/472612556_cffa156145_o.jpg
1299f055f8a8a74e,https://c7.staticflickr.com/4/3380/3410110656_85c85e65e3_o.jpg
12efa1ce6d1424fb,https://c4.staticflickr.com/9/8202/8206524359_69474faae0_o.jpg
13188274fed6a9f8,https://c1.staticflickr.com/3/2035/1905695566_2f9ef25bb3_o.jpg
132af1d45ca0963c,https://c5.staticflickr.com/9/8368/8524956135_e2e5d82df8_o.jpg
13668c616c772822,https://farm3.staticflickr.com/1092/1400033506_998e9f6050_o.jpg
1389517b91d0b1b9,https://c2.staticflickr.com/4/3852/15152290441_6d2cdde133_o.jpg
13a7868c9fa0984f,https://c8.staticflickr.com/4/3759/14108308077_0caa0da5b8_o.jpg
13ded04aa79fcc11,https://farm2.staticflickr.com/7331/8953263571_4e219cb381_o.jpg
13ead5fb46cdad08,https://c1.staticflickr.com/6/5110/5680599286_9521c2010b_o.jpg
13f2806dddfa8b0a,https://c3.staticflickr.com/4/3549/3820567687_ae968271a5_o.jpg
13f874da8d80f2d3,https://farm4.staticflickr.com/8150/7684187156_51e7f0deba_o.jpg
14132294974668c1,https://farm2.staticflickr.com/8428/7782734886_6261e23f97_o.jpg
144f7fc486b91deb,https://c4.staticflickr.com/8/7456/16348326236_a0254b90fa_o.jpg
1453427552d7f662,https://farm3.staticflickr.com/154/427626589_c140ab7e45_o.jpg
1494a52a89af7c25,https://farm6.staticflickr.com/6077/6146307107_e6946135d8_o.jpg
14951920706fa590,https://farm1.staticflickr.com/22/30679720_8ffbe87e5b_o.jpg
149a44c920f4902e,https://c7.staticflickr.com/1/141/325861409_bae90b0853_o.jpg
14a02815c4eda401,https://farm2.staticflickr.com/2924/13945977583_530c3bf8a1_o.jpg
14c3dae217aa82cb,https://c4.staticflickr.com/9/8002/7471674678_34fa38ec29_o.jpg
14ce58ed4232ed01,https://farm2.staticflickr.com/7123/7592819150_d710080b1e_o.jpg
14e387eb313b5bf2,https://farm3.staticflickr.com/3774/9202981489_93136f5bba_o.jpg
155ed3ed391acff1,https://farm2.staticflickr.com/3006/2560121532_2659a8c9b3_o.jpg
156a7efdc354a5b6,https://farm7.staticflickr.com/89/220828564_c7cdff53e4_o.jpg
1595a84840737a36,https://farm7.staticflickr.com/3761/9292901645_e8c44970d3_o.jpg
159fa97692607a95,https://farm6.staticflickr.com/2567/4111687715_e2c99d3cae_o.jpg
15eccb305956e248,https://c1.staticflickr.com/1/38/121694724_321589f9c1_o.jpg
162ab25df03c0b55,https://farm6.staticflickr.com/5146/5645237671_fa49c1a2c3_o.jpg
163e6b9145af3fd3,https://farm4.staticflickr.com/8068/8210282400_52e0e2d025_o.jpg
165c08cdfd2aa9eb,https://c4.staticflickr.com/4/3840/14704039510_b8661a239d_o.jpg
167393a05c011f24,https://farm5.staticflickr.com/8861/17714500564_18652999cc_o.jpg
167f2fbffff67237,https://farm8.staticflickr.com/8528/8545520933_6d096c95d0_o.jpg
16910a52d125e9a8,https://c1.staticflickr.com/4/3208/3849235131_dbd816cf3d_o.jpg
16955e6ec22f9c1e,https://c7.staticflickr.com/1/171/448683459_30806a3474_o.jpg
16af23fdb0609c3b,https://c4.staticflickr.com/9/8359/8299070843_1d472f426f_o.jpg
16be153bc297c167,https://farm8.staticflickr.com/174/401693902_8925a0e646_o.jpg
16ffef79f2dbd5cf,https://c8.staticflickr.com/7/6063/6155359429_61b9f4762d_o.jpg
1783fb2e61f22108,https://c1.staticflickr.com/8/7080/13319885183_38ba38f8c2_o.jpg
178f0ec868b0f853,https://farm4.staticflickr.com/3524/3464790282_832ca2e46e_o.jpg
17abdb3d9a0a9467,https://farm8.staticflickr.com/1008/570598005_119c9d473f_o.jpg
17bcbe7977f4b1bf,https://c8.staticflickr.com/4/3236/2704328102_d37312fa6f_o.jpg
17cf441347c082d6,https://farm7.staticflickr.com/7429/12970669215_8b91a9ffb5_o.jpg
17e2b8f5c4ea60b7,https://farm8.staticflickr.com/6030/5910614222_583612453c_o.jpg
17e3401c3605d616,https://farm7.staticflickr.com/7539/15862026408_d5690e1010_o.jpg
17e898e2fdc1a4e0,https://farm1.staticflickr.com/4149/4976542551_fd3b728fa8_o.jpg
17ebf9c55f106c86,https://farm7.staticflickr.com/2/1761743_b82fce6fd0_o.jpg
1801b34f7f20e4e5,https://farm6.staticflickr.com/2785/4519068753_a125e686b9_o.jpg
1810c11bdd3bc7c1,https://farm2.staticflickr.com/8645/16540736110_7b836513bf_o.jpg
182e84cee0d4fcfb,https://c4.staticflickr.com/3/2086/1563932248_021012c035_o.jpg
18831309dca64d57,https://farm8.staticflickr.com/56/120256927_adfea2ea13_o.jpg
18cd08e0cec76ee5,https://farm6.staticflickr.com/8332/8130364285_7ae85e9c29_o.jpg
18cf55f14a556b91,https://farm2.staticflickr.com/3025/2931626448_ba87fdd33e_o.jpg
18e1c696b4d0a628,https://c1.staticflickr.com/7/6239/6381472555_77ff8ee205_o.jpg
192ffce77ea85bcf,https://c8.staticflickr.com/9/8436/7871553216_44b27292c6_o.jpg
1955a3a7e93391c1,https://farm2.staticflickr.com/6104/6332655891_d909bbf931_o.jpg
198ad91d7d973401,https://farm2.staticflickr.com/3519/3199928160_235b952d92_o.jpg
19bb0460396580cb,https://c4.staticflickr.com/6/5149/5568863154_b915266f31_o.jpg
19d649a53c05ebc2,https://farm3.staticflickr.com/2732/4438378421_8f6d839926_o.jpg
19e2551b34e81c34,https://farm5.staticflickr.com/127/342566053_e7e41a01a8_o.jpg
1a0cb648651e5d23,https://farm4.staticflickr.com/3106/3167945720_05e8f72340_o.jpg
1a3aa8eddc4cd7a4,https://farm5.staticflickr.com/5213/5506188351_0615f2e24c_o.jpg
1a4967509c62a00c,https://c5.staticflickr.com/6/5245/5301209087_c6ba267f5d_o.jpg
1a547014747bacb7,https://farm8.staticflickr.com/3666/11927343733_daa024e191_o.jpg
1a59ac149114035b,https://c4.staticflickr.com/9/8602/16442049910_e37a2d0200_o.jpg
1a5f3dc7c25bf3a6,https://farm7.staticflickr.com/7445/15834288714_a7ba8ef859_o.jpg
1a779e8b55abcf87,https://farm8.staticflickr.com/4009/4576297192_5d7176d2af_o.jpg
1a9047c9c01cc146,https://farm7.staticflickr.com/5186/14094030353_22177d4a41_o.jpg
1ab37a8a40aec7c6,https://farm7.staticflickr.com/4033/4578687697_72435c614b_o.jpg
1ae211106c6e9493,https://farm4.staticflickr.com/8761/18062531566_dc6ed6eff4_o.jpg
1b04194e10e6de4d,https://c6.staticflickr.com/3/2465/3849246379_924f122ace_o.jpg
1b3585082f88c7ad,https://c6.staticflickr.com/4/3045/3808070160_d7be9f0c9d_o.jpg
1b4b08e46299d4c1,https://farm2.staticflickr.com/1149/753994773_4b44f92a4a_o.jpg
1b63f9e7879ad313,https://farm4.staticflickr.com/5497/12259330325_8305e347de_o.jpg
1b714e05cb4a6711,https://farm2.staticflickr.com/5710/20013045624_0bc9da2b7a_o.jpg
1b7517fbfe34fd62,https://farm3.staticflickr.com/7210/6953549115_ce80a64a64_o.jpg
1ba12259d5680216,https://farm7.staticflickr.com/588/20703753803_50a2ab7675_o.jpg
1bb020813dcadbe9,https://c2.staticflickr.com/5/4033/4714320763_91ca6cb847_o.jpg
1be777f8d032c112,https://farm3.staticflickr.com/8252/8663630087_31c0e8bc75_o.jpg
1bff9917194afe20,https://farm1.staticflickr.com/3566/3535931521_51b67bebd4_o.jpg
1c0bec755163edf1,https://farm2.staticflickr.com/3381/3551390013_56e0eb8779_o.jpg
1c0f001210884338,https://c1.staticflickr.com/8/7645/16255676593_2396bcaf32_o.jpg
1c1c7088678ddf12,https://farm3.staticflickr.com/107/266196780_cc8cb50350_o.jpg
1c1cf4c08301e573,https://farm4.staticflickr.com/44/127809944_c10610c9c8_o.jpg
1c2a425d3c988d26,https://farm7.staticflickr.com/3016/2465894682_b54bede606_o.jpg
1c30a83373b711ce,https://c7.staticflickr.com/5/4138/4746641864_8912ca4947_o.jpg
1c4514e42d9c0170,https://farm1.staticflickr.com/3502/3804171353_6d3d63ae96_o.jpg
1c5bfcd6ef479679,https://c2.staticflickr.com/9/8248/8569933053_92f53b1a9b_o.jpg
1c5ff3d4bddec195,https://farm6.staticflickr.com/136/328485199_6798af64fd_o.jpg
1c86b8000137c8f9,https://c2.staticflickr.com/8/7306/9518429205_774302be46_o.jpg
1c9b049ee6840ef2,https://farm3.staticflickr.com/6125/6193205438_101dd6562b_o.jpg
1ca196f452188355,https://farm6.staticflickr.com/5504/9439945686_e6fe87e294_o.jpg
1cf685f0c454483a,https://c3.staticflickr.com/7/6188/6070535045_02713cfc1d_o.jpg
1d102666ffb5f87b,https://c4.staticflickr.com/3/2206/2185372008_c2503615e0_o.jpg
1d2aab5ca93b5b9c,https://c5.staticflickr.com/6/5453/7409125216_ac40fca741_o.jpg
1d69c2da36d7c570,https://farm1.staticflickr.com/2923/14702285835_1296d518ee_o.jpg
1d740efac9222367,https://farm8.staticflickr.com/2784/4495439590_b3577cca4d_o.jpg
1d77048a4313e106,https://farm7.staticflickr.com/54/188450466_11523201e6_o.jpg
1da936de4c4af865,https://farm6.staticflickr.com/7749/18062520226_502c7cddb2_o.jpg
1df7e256aac94349,https://c2.staticflickr.com/8/7253/6928721768_a0444a4db5_o.jpg
1e0e577d95839a2e,https://c7.staticflickr.com/4/3867/14723403380_f5f9e04c7a_o.jpg
1e1fe94e9135bbd6,https://farm7.staticflickr.com/1230/542781766_afd5930b39_o.jpg
1e2934d91c91f9d8,https://c1.staticflickr.com/9/8649/16660489990_3c4ca2089f_o.jpg
1e33edc2eff4c3d7,https://farm8.staticflickr.com/6104/6254668447_bbf6e90cf4_o.jpg
1e46e44d0db434e5,https://farm6.staticflickr.com/5672/21106479648_a41f2fb817_o.jpg
1e67b398189204dd,https://c6.staticflickr.com/8/7501/16129612458_ba45c6be6c_o.jpg
1e7877a800ddb625,https://farm6.staticflickr.com/6003/5927106411_53f0749a2a_o.jpg
1e79edc5d73bc2d1,https://farm2.staticflickr.com/3201/3047612083_84898c8f6c_o.jpg
1e861e5ddd5784dd,https://c6.staticflickr.com/4/3491/5723045847_1e84aac4a0_o.jpg
1e87cc682d0e0036,https://farm7.staticflickr.com/103/425529284_ba6a2bc441_o.jpg
1e90fd9c315a8ab4,https://farm5.staticflickr.com/3800/12353512123_88a68d46ec_o.jpg
1eabdef30aa0b4ce,https://c7.staticflickr.com/3/2413/3536608838_1f87561056_o.jpg
1eb9f549726b1d26,https://farm7.staticflickr.com/343/18851999179_45c2ca975c_o.jpg
1ef8d14744977a82,https://farm3.staticflickr.com/4062/4478240802_2545b3df20_o.jpg
1f1e02d2758920a4,https://farm5.staticflickr.com/2918/14504687584_93dee9281c_o.jpg
1f25b57c3f4c299b,https://c4.staticflickr.com/8/7429/10800574445_9d34c42420_o.jpg
1f65dc3ace73a9f2,https://farm3.staticflickr.com/8224/8327237121_7bacab8956_o.jpg
1f711dc7923ac2bd,https://c6.staticflickr.com/9/8041/8038429601_2eed4f5864_o.jpg
1f805a624429b11b,https://c4.staticflickr.com/1/75/214896007_7948fc5c7b_o.jpg
2022a4de7af5c6d3,https://farm4.staticflickr.com/5030/5877054550_595b767302_o.jpg
2048cf644b11f69f,https://c8.staticflickr.com/4/3951/15459483786_05505ba557_o.jpg
2053a247a2f60289,https://c2.staticflickr.com/3/2911/13941087841_6ee4807800_o.jpg
206b0a4f78cba2af,https://c8.staticflickr.com/1/39/106442026_041fdf6bd1_o.jpg
20797bcbfd924511,https://farm2.staticflickr.com/42/78235897_a8ab20b626_o.jpg
2080912654b72329,https://c2.staticflickr.com/4/3410/3239550816_77bb64ccf0_o.jpg
20bc09d74843cbb3,https://c6.staticflickr.com/5/4042/4446664641_7461804e14_o.jpg
2167fc4c5e5c70f0,https://farm1.staticflickr.com/8443/7784968274_5d62870922_o.jpg
218e11e58be93968,https://c1.staticflickr.com/8/7018/6608805987_1e3e30bd79_o.jpg
21db1cc6923e6713,https://farm4.staticflickr.com/3803/12730142995_4957747db4_o.jpg
220c9587290b9152,https://farm3.staticflickr.com/7246/8158130966_50fddac623_o.jpg
2250babd8ec73d94,https://farm5.staticflickr.com/3767/8828059378_17d20af765_o.jpg
22610caa241d3608,https://c1.staticflickr.com/7/6151/6192700329_1e31ae8979_o.jpg
2264c1a766915fce,https://c7.staticflickr.com/7/6157/6190317220_628aee2d98_o.jpg
227da7c20f3a0366,https://farm7.staticflickr.com/8524/8451401126_47a0d1428b_o.jpg
22c8ee4415def8a9,https://c2.staticflickr.com/1/176/468219103_f3f4bb9bfc_o.jpg
231c51af0ec277d5,https://farm6.staticflickr.com/8565/15755343309_6b2c4eaba3_o.jpg
234567f65efe7b11,https://farm2.staticflickr.com/5174/5519016237_75914fb8ea_o.jpg
2356f98d7b530741,https://farm2.staticflickr.com/3198/2864581387_2b573de40e_o.jpg
239a0dc1549e2c62,https://farm3.staticflickr.com/8100/8503525701_74de0e06d4_o.jpg
239cfc9fe9af9ce7,https://farm8.staticflickr.com/2482/3779710168_d4c7856589_o.jpg
23a3512e6ef718a1,https://farm2.staticflickr.com/594/21467087696_13f1f64b4d_o.jpg
23b22cb6c796f46e,https://c7.staticflickr.com/2/1023/1298135866_0d9df6b9bd_o.jpg
23d68bdc5ed78efe,https://c7.staticflickr.com/3/2278/2506412470_c9c3758294_o.jpg
24223a346066c994,https://farm5.staticflickr.com/7352/8956242541_b0b2929660_o.jpg
2432c158cea5d14f,https://c8.staticflickr.com/9/8081/8344698190_0344e3fb9b_o.jpg
245bd26d0e0bb5cc,https://c5.staticflickr.com/1/79/263992581_261cc69113_o.jpg
24e6130ee012331b,https://c4.staticflickr.com/3/2558/4152333877_302b846c7a_o.jpg
24f208282f4e5b3c,https://c5.staticflickr.com/4/3160/3958731191_02cd410995_o.jpg
2666771ca7ae3d18,https://c1.staticflickr.com/7/6110/6344134309_29eb021989_o.jpg
267b108c8b7752d3,https://farm4.staticflickr.com/1266/4706834161_0d25708554_o.jpg
26a583f52dc13560,https://farm1.staticflickr.com/4140/4852241505_6c3baae32d_o.jpg
2744c7633de9e474,https://farm5.staticflickr.com/45/192037576_7828c12bc3_o.jpg
27705e72f550ec09,https://c2.staticflickr.com/8/7181/13940918865_bf2b2ba29d_o.jpg
278dd8177dd69d92,https://farm3.staticflickr.com/6144/6021528843_79bede4f36_o.jpg
27b38b940552f87c,https://c5.staticflickr.com/1/87/232622207_eab3ea2702_o.jpg
27bac88a5bacfb50,https://farm1.staticflickr.com/5029/5577573008_10cdc48990_o.jpg
282f6d85e0806283,https://farm4.staticflickr.com/4017/4389378331_4840100b53_o.jpg
28495266dc84b48b,https://c4.staticflickr.com/8/7311/14167064633_6d8ae97bf2_o.jpg
28991e70a9e78f7c,https://c5.staticflickr.com/9/8797/17901344980_648e6f9eea_o.jpg
28d50d7ce9635022,https://farm3.staticflickr.com/7442/11263408084_f1fa29bd3d_o.jpg
295c1345c9924839,https://c2.staticflickr.com/5/4077/4863914939_6b3793030f_o.jpg
29d294dd7322f23a,https://c3.staticflickr.com/5/4018/4487104038_40ac8f6b32_o.jpg
29f79d4853ac6492,https://farm3.staticflickr.com/7647/17043009192_508ddcda2f_o.jpg
2a1baf67556a5cdb,https://c4.staticflickr.com/4/3842/15167125375_5f7cd6f123_o.jpg
2a5d92ce7d94358d,https://c6.staticflickr.com/2/1255/5178185868_e33926c76d_o.jpg
2af1baf4c0998c78,https://c1.staticflickr.com/8/7078/7029767713_b67cbc7296_o.jpg
2b002fc11f45d8ed,https://c6.staticflickr.com/1/22/33506438_9a730dc001_o.jpg
2b3c2933ba134df4,https://farm5.staticflickr.com/3382/4615031080_5dd83a024a_o.jpg
2b3d4be2e4748d01,https://farm2.staticflickr.com/2833/9527538601_d2b74ab8f3_o.jpg
2b4303a1fa3fe170,https://farm1.staticflickr.com/2801/4376437387_8a577d2a7a_o.jpg
2b89e12fcd3907db,https://c4.staticflickr.com/1/232/490543771_3a5c94dcaa_o.jpg
2ba47176fa901318,https://c1.staticflickr.com/6/5062/5723604270_2b2b8850c2_o.jpg
2bbeb6a6ff00e315,https://farm6.staticflickr.com/4117/4781246809_b53807e6f2_o.jpg
2bc927d88d8f98f7,https://farm8.staticflickr.com/4043/4469281694_9d898c73ef_o.jpg
2c300606c30dd417,https://farm8.staticflickr.com/8378/8481663567_c3ae385cca_o.jpg
2c39bfdf0ec21ce2,https://farm3.staticflickr.com/5452/16609050883_447e62c060_o.jpg
2c8bded53d7d0c4c,https://c5.staticflickr.com/1/53/127809437_17dcd8d21b_o.jpg
2ce20e5a3817ea88,https://c1.staticflickr.com/6/5342/8803545708_3d5f6560e5_o.jpg
2cff35eb01395e5b,https://c4.staticflickr.com/1/325/18085243523_96e2905ee6_o.jpg
2d8a728d13f4e0de,https://c7.staticflickr.com/6/5122/5217000131_2953982322_o.jpg
2df496825994d941,https://farm2.staticflickr.com/5585/14237124154_5280e00fe4_o.jpg
2e0306cc088ecb82,https://farm3.staticflickr.com/3802/13918307866_8a0d5888d2_o.jpg
2e2aaf3374c93490,https://farm1.staticflickr.com/2506/3837426308_169fdaaf69_o.jpg
2e4026906bc346a4,https://farm5.staticflickr.com/3190/3066850176_c39781ef68_o.jpg
2e69c97393e51d94,https://farm5.staticflickr.com/163/407315674_7f6fa68633_o.jpg
2ed4ea5de6ad7557,https://farm8.staticflickr.com/5130/5278273542_713bc5f8e4_o.jpg
2ef8ad1311af338b,https://c4.staticflickr.com/6/5599/15635134875_b9eebe7bd9_o.jpg
2f00e257ca062148,https://c1.staticflickr.com/1/712/21701291871_0d6d2baab4_o.jpg
2f1a597b1b76d97a,https://c3.staticflickr.com/8/7289/11568404554_5bae3eb7b1_o.jpg
2f22da760606ac62,https://farm3.staticflickr.com/3578/3501063508_d6e620e5db_o.jpg
2f86d91dc12ca5d8,https://c1.staticflickr.com/1/188/409230794_6904664ecf_o.jpg
30113e0612e853df,https://c8.staticflickr.com/2/1031/1414487382_955c01a47b_o.jpg
309c26e4d32ba251,https://farm2.staticflickr.com/5444/9262849594_4760c29593_o.jpg
31612b43f248d8e6,https://farm7.staticflickr.com/7011/6448852021_ea6111f132_o.jpg
3186c2cfde940af0,https://farm1.staticflickr.com/122/265611358_0e3ca9adfb_o.jpg
31f1a137b10080eb,https://c4.staticflickr.com/3/2919/13936073881_0bf4c1e6ff_o.jpg
32b589b7db4c93ad,https://c6.staticflickr.com/4/3211/2666138225_efc05dafc2_o.jpg
335e7ecb82aa5dbf,https://c8.staticflickr.com/5/4083/5049733342_37479a14b1_o.jpg
33b842dcf32408f4,https://farm5.staticflickr.com/3378/3407485799_9ede1f251c_o.jpg
33c120cac073f9ff,https://c8.staticflickr.com/3/2693/4514113429_6d77a04c8b_o.jpg
34bdcc59461b07a8,https://c1.staticflickr.com/2/1324/542782416_f890469228_o.jpg
354aadc47858b5ed,https://c6.staticflickr.com/2/1302/4678324566_ee699afceb_o.jpg
3576c8179b4b456d,https://c6.staticflickr.com/8/7001/13714250365_a9a1e732e7_o.jpg
36c667a04f0d4ce8,https://c1.staticflickr.com/1/527/19176068613_cabaa395c9_o.jpg
36ce0638461cde25,https://farm6.staticflickr.com/7715/17251522938_da8cf1acb4_o.jpg
3721bd7110a436bf,https://c8.staticflickr.com/4/3646/3445360110_7e718a16e8_o.jpg
37a7ad35f22c8595,https://farm6.staticflickr.com/3878/15004518392_7895f453be_o.jpg
37c1bdbd41569f79,https://c2.staticflickr.com/7/6056/5910613916_4003cf4e40_o.jpg
383b9f1cd71bbb0d,https://c6.staticflickr.com/6/5105/5626443674_ac25f88c7d_o.jpg
384ba5c600d4173f,https://c8.staticflickr.com/8/7018/6754508883_d4d21be118_o.jpg
3884b296689e310e,https://c7.staticflickr.com/5/4100/4848641881_afd7251151_o.jpg
38b2ab4b45a5b30c,https://c5.staticflickr.com/2/1038/5187415447_c9d97e9c92_o.jpg
38fbf4c86870bb54,https://farm5.staticflickr.com/8300/7906819348_a3833f3987_o.jpg
3970b18325784494,https://farm5.staticflickr.com/6028/6019397201_2df608d79a_o.jpg
399fff5a469eb0ec,https://c5.staticflickr.com/6/5792/20531670699_0a1741631a_o.jpg
39b24c2096a40a21,https://farm2.staticflickr.com/5188/5740109036_f45d9c2fb7_o.jpg
39c7e5cb251e9a28,https://c1.staticflickr.com/2/1275/543986634_9ae0d4e8f0_o.jpg
3a03a28f52adc558,https://c1.staticflickr.com/9/8508/8571943895_2e25ceb860_o.jpg
3a3e294b250c07ea,https://c3.staticflickr.com/1/53/144465543_e6f07f3ab4_o.jpg
3a48acd3874aa96c,https://c5.staticflickr.com/6/5132/5471843326_99341a4fe6_o.jpg
3a4977c5cf0930bb,https://c4.staticflickr.com/5/4107/4972964276_0da251f7f3_o.jpg
3ae5266a90dda78f,https://c8.staticflickr.com/3/2327/2208842861_6a859d4feb_o.jpg
3b02dc32ca802eb8,https://c1.staticflickr.com/1/37/120245735_d0d6174e29_o.jpg
3b05842f253a92b8,https://c1.staticflickr.com/3/2552/5752019153_fc7ff9cdaf_o.jpg
3beaf51338c429a0,https://farm1.staticflickr.com/2501/3804986090_929b6dd331_o.jpg
3c08ccf72557d760,https://farm1.staticflickr.com/57/226989258_d763873bd2_o.jpg
3c0d2610ac778b11,https://farm2.staticflickr.com/8844/17874400319_55fcb2ac9a_o.jpg
3c354ff80a8388dc,https://c5.staticflickr.com/4/3722/13939811733_f3f493463d_o.jpg
3c4585d7caa3f37a,https://c3.staticflickr.com/2/1282/4681955465_7efeb47c40_o.jpg
3c64008e6ba15c88,https://c1.staticflickr.com/8/7226/7362839356_4b063b12aa_o.jpg
3cbcc40be08d3d1c,https://c5.staticflickr.com/9/8585/16018343235_4cb9e091cb_o.jpg
3cd509256d07f161,https://farm2.staticflickr.com/5147/5752570588_effd185d48_o.jpg
3db71eaddb618934,https://farm5.staticflickr.com/7141/6747345659_92b0cb3195_o.jpg
3e3ff5b83a0ce3ba,https://c3.staticflickr.com/7/6183/6146854696_476e617f0b_o.jpg
3e694a9be362df05,https://farm6.staticflickr.com/1065/1455729605_2021975b3b_o.jpg
3eceec36891fb6c5,https://farm6.staticflickr.com/3635/3391752849_46efa621d6_o.jpg
3ef5837a0069bd25,https://farm6.staticflickr.com/2531/3766654931_2675c3599c_o.jpg
3efb31602fd76b7d,https://c6.staticflickr.com/6/5525/14130123267_acd95c350c_o.jpg
3f5febdc44e0a957,https://farm8.staticflickr.com/1154/4730853462_aa0c58688e_o.jpg
40596bdd0b16f5e6,https://farm7.staticflickr.com/8679/16621679852_74fa697f2e_o.jpg
407754c1de6c2778,https://c1.staticflickr.com/9/8171/7993753356_273aec9ddb_o.jpg
407ccac2405a27c5,https://farm6.staticflickr.com/16/92166179_609ad962c4_o.jpg
409b4801fc0d1f7d,https://c6.staticflickr.com/1/50/143992349_574c9962c3_o.jpg
40c55030c6ca32ee,https://c7.staticflickr.com/9/8247/8523561641_91f651c172_o.jpg
40d9fe544dbcacc0,https://farm1.staticflickr.com/3031/2975851192_471b548294_o.jpg
40ed5d721875ba1b,https://c4.staticflickr.com/4/3175/3080673791_0e86a8c0bf_o.jpg
41115a5637ffd4ec,https://c5.staticflickr.com/5/4031/4706822235_170281ccfa_o.jpg
4182ff625d6945c0,https://farm1.staticflickr.com/7661/16583673363_ccbfbaeb6d_o.jpg
4193e555707a5cab,https://c4.staticflickr.com/9/8237/8455422819_c59e22d2dd_o.jpg
41c2e537b449eb2e,https://c7.staticflickr.com/6/5056/5485698954_ebff5e2f53_o.jpg
41ca81ccdd5f4147,https://farm8.staticflickr.com/4141/4936676882_e5dee63401_o.jpg
41dec085652122db,https://c4.staticflickr.com/2/1349/1141487393_f4d76de6c3_o.jpg
421b76457489afec,https://c5.staticflickr.com/5/4004/4577925129_6a6a6de9c3_o.jpg
422c9b26bd3a4ac9,https://c2.staticflickr.com/7/6118/6217227032_360e955ddb_o.jpg
42397f2f7f9f06c5,https://farm6.staticflickr.com/102/272243580_d8d5552d19_o.jpg
42826f07d073a3f3,https://farm4.staticflickr.com/7050/6953471543_0c0ab72f5f_o.jpg
440ceb44651a4a83,https://farm4.staticflickr.com/3433/3746051945_a5dd424773_o.jpg
44929995e30253c2,https://farm3.staticflickr.com/2759/4424624061_f8db93b8b5_o.jpg
44b0db6501e26ebf,https://c8.staticflickr.com/9/8143/7626268666_aa11805356_o.jpg
4501854778b6d1f7,https://farm8.staticflickr.com/8137/8746018111_8e4ae64a7c_o.jpg
4535ce2e3dced00f,https://c8.staticflickr.com/4/3811/13822741474_74083289e8_o.jpg
4541f18d0c834713,https://farm4.staticflickr.com/7089/7186167665_09fc0114e4_o.jpg
454c167f1b79d684,https://farm5.staticflickr.com/744/20547856110_5c71533859_o.jpg
455b7835f3745343,https://farm4.staticflickr.com/466/19144185669_f5f71223dd_o.jpg
4560cf8071a1ac00,https://farm1.staticflickr.com/3192/2583811394_146a6488df_o.jpg
456cf548de90d130,https://farm1.staticflickr.com/4133/4843550526_b08b96860f_o.jpg
45c00ad5145a5cd2,https://farm3.staticflickr.com/164/359210425_7deec0142c_o.jpg
45f7268dcef970d7,https://farm8.staticflickr.com/3145/3001368281_4e5fb8f8df_o.jpg
45f978a1491d1f4b,https://c4.staticflickr.com/6/5252/5519605154_87f83bd7a5_o.jpg
460836001313bfe3,https://farm4.staticflickr.com/8691/16777674776_3f58f55af6_o.jpg
463564c2c0153a87,https://farm8.staticflickr.com/7236/7160304203_dae1f3e0d9_o.jpg
4671cfd951c41753,https://farm4.staticflickr.com/3316/3582138772_d05da3b6ce_o.jpg
46bd29d409bc6f15,https://farm6.staticflickr.com/2001/1761696568_f384b4f675_o.jpg
46fccdf752e9ecb2,https://farm3.staticflickr.com/7398/10275695276_a5d47c4820_o.jpg
471d7be2c7959525,https://farm6.staticflickr.com/8522/8632834689_4406013a5c_o.jpg
4721540ba08ef9f6,https://farm7.staticflickr.com/7358/14150933003_fa8af67538_o.jpg
4738800e038a398b,https://c4.staticflickr.com/6/5202/5298732404_f4c22a1c0d_o.jpg
47d30ead6545d294,https://farm5.staticflickr.com/5233/5802630094_501f84cf1e_o.jpg
47fa812d76aa182e,https://c7.staticflickr.com/4/3130/2630383913_8d54c267fe_o.jpg
47fe235dc430030b,https://c4.staticflickr.com/6/5555/15086173551_9c38537199_o.jpg
483b6608a8d85143,https://farm4.staticflickr.com/5206/5355582968_c297aef8ef_o.jpg
484a264f4e38d871,https://farm2.staticflickr.com/2189/1519853706_a40dc86c57_o.jpg
485b694ddd4b6134,https://farm5.staticflickr.com/43/120245886_e1b2247083_o.jpg
48a030d33936fe63,https://farm4.staticflickr.com/3105/2502989301_9b4ec79c17_o.jpg
48e14124fec3859d,https://c6.staticflickr.com/6/5691/20984473599_ef2b3613e7_o.jpg
48e881cb2d54bd82,https://farm3.staticflickr.com/8213/8328301448_2dff43081d_o.jpg
4905caaa07391400,https://farm1.staticflickr.com/2677/4451781267_5861085db0_o.jpg
491cb3f6ae3929fe,https://c7.staticflickr.com/4/3830/11220133176_991e3c496c_o.jpg
491fb2dd7dbf5c80,https://farm1.staticflickr.com/7284/9508304947_11b95b76e9_o.jpg
4991f5ae71d7cb92,https://farm3.staticflickr.com/2100/2081307432_051a6efcf1_o.jpg
49e67ee91419aafc,https://c5.staticflickr.com/3/2781/4192455110_1927281e1b_o.jpg
4a2bbff2854589a9,https://c2.staticflickr.com/3/2371/2235921860_6a236149d5_o.jpg
4a2c08a8ec480658,https://c1.staticflickr.com/4/3281/2956793217_8e3721b88d_o.jpg
4adb6820b531a8a7,https://farm8.staticflickr.com/5342/9297930264_ee339fd5dc_o.jpg
4b29888771e99ed8,https://c1.staticflickr.com/6/5270/5645237667_b3d7a5e633_o.jpg
4b97e26dc577b22f,https://c8.staticflickr.com/1/76/156614476_aaede22e40_o.jpg
4ba4440213faabfe,https://c7.staticflickr.com/2/1208/877726913_d33a138322_o.jpg
4bb2106d40aa6fd5,https://farm6.staticflickr.com/4002/4433788689_604644c8de_o.jpg
4bed9048dd4baf09,https://c2.staticflickr.com/1/365/18348895259_3332179be8_o.jpg
4c2def0e2cea9b38,https://c1.staticflickr.com/9/8357/8408470771_ea4e1c0dc4_o.jpg
4c3be62204c2d480,https://farm1.staticflickr.com/3944/15448496299_77aa951896_o.jpg
4cd4e1e8eac4a3e6,https://farm7.staticflickr.com/2136/5746793997_033e8f068e_o.jpg
4dc9007ef1e2a6be,https://c7.staticflickr.com/4/3816/11173015004_d3d986917f_o.jpg
4dce6ca6cffde18b,https://c4.staticflickr.com/3/2919/14201274051_6ced47db4d_o.jpg
4dd945a9bb211921,https://farm2.staticflickr.com/7138/7447755130_4e4227af67_o.jpg
4e0e1c63274fbaf6,https://farm7.staticflickr.com/3141/3079853912_2e905dd92c_o.jpg
4e39dae6d94c03f0,https://farm1.staticflickr.com/4016/4533091276_2f9ea9d252_o.jpg
4e8f061e81d1c28e,https://c7.staticflickr.com/9/8367/8531316259_9e2fcb39a1_o.jpg
4ee5077699935d0c,https://c5.staticflickr.com/2/1219/997573195_1573d388e2_o.jpg
4efd96c0bb5df0a7,https://farm8.staticflickr.com/7790/18115655632_8d7e23637e_o.jpg
4f31209941bb05fc,https://c5.staticflickr.com/3/2770/4387061643_ebf804d49b_o.jpg
4f4625e3d8feedde,https://c7.staticflickr.com/4/3064/3093083706_ca6062fd30_o.jpg
4f489f0c6b245133,https://farm4.staticflickr.com/4098/4830975931_dd9ebceb8b_o.jpg
4f5622a6e42e4e3f,https://c8.staticflickr.com/3/2283/2106513484_a19ee2e16b_o.jpg
4f9bbaa6d3dc61cc,https://c5.staticflickr.com/4/3399/4647582040_becb516fa3_o.jpg
4fd90c6a0edfaaac,https://c5.staticflickr.com/4/3869/14859372739_4643cea412_o.jpg
501e2d1b22036372,https://farm3.staticflickr.com/8477/8206888024_f2d701565c_o.jpg
50756f2210763ee9,https://c2.staticflickr.com/4/3305/3331687127_a462c7087a_o.jpg
514c794a9942d06c,https://c5.staticflickr.com/3/2735/4401183267_5525ecf5e6_o.jpg
516dc5dd30b4ee26,https://farm7.staticflickr.com/8217/8337027363_f05ac13dc5_o.jpg
519cf0d3e09f59a7,https://farm8.staticflickr.com/1276/737360321_bd16ed19fe_o.jpg
51be7b245a629c18,https://c1.staticflickr.com/8/7075/6990917710_252c82fd2a_o.jpg
5210118c39318530,https://farm1.staticflickr.com/8609/16682119486_875b518a96_o.jpg
52580594eb6b7386,https://farm7.staticflickr.com/5532/11724193114_2562600299_o.jpg
525999f64f19e27c,https://c5.staticflickr.com/1/21/33506469_bcc3e12cc5_o.jpg
525f967da9e71255,https://farm6.staticflickr.com/5046/5331401883_989df20bc4_o.jpg
52a30b24f78d5c85,https://farm6.staticflickr.com/8455/7901532752_ae571241f1_o.jpg
52e88ef0e1611c8c,https://c5.staticflickr.com/8/7228/7303607440_e4a7f4e94b_o.jpg
52f6f04fbc7d3651,https://farm2.staticflickr.com/5526/11330009635_88089ccdcd_o.jpg
5328e84a80f8c3f4,https://farm5.staticflickr.com/6040/6309627199_d46f162a99_o.jpg
533d4cd6807f0c90,https://farm1.staticflickr.com/5305/5752575976_5981992c38_o.jpg
537dd00cb5ab4846,https://farm7.staticflickr.com/3619/3630567615_f8a7585c38_o.jpg
539edb9c2be8d8e4,https://farm5.staticflickr.com/6074/6143000953_5d295d302d_o.jpg
53a9bbb12701c4fc,https://c5.staticflickr.com/4/3198/2955925546_7b749fedbd_o.jpg
542347bdb527bfb0,https://farm1.staticflickr.com/340/19490870423_27f11ee70d_o.jpg
54425a11aa4fe7f8,https://c1.staticflickr.com/7/6162/6193361692_37b8d1a14c_o.jpg
5446663fb2358f90,https://farm1.staticflickr.com/2699/4514750930_90ec5e9099_o.jpg
54a9826c53527709,https://c2.staticflickr.com/9/8676/16170724918_637d32250a_o.jpg
54b45abdf0c81703,https://farm4.staticflickr.com/7270/6893254454_a6a3679bfa_o.jpg
54c88389cf407ea3,https://farm4.staticflickr.com/3753/10200611766_94b718dd5f_o.jpg
5503be35274064a8,https://c1.staticflickr.com/4/3853/14717831919_77eed6eb46_o.jpg
553cc2352a2314b8,https://c1.staticflickr.com/6/5472/12282269363_2e1388268e_o.jpg
5574c6d42bbd7900,https://farm1.staticflickr.com/1085/533744806_5dc93c3c36_o.jpg
55841d1e05a79d7e,https://farm5.staticflickr.com/8356/8270960356_d4116cf44c_o.jpg
561ca92b3ab81065,https://farm6.staticflickr.com/6226/6209614415_cc098eece2_o.jpg
5682f080810d886e,https://c7.staticflickr.com/1/167/429338436_b65d0b6f0a_o.jpg
568df4ab9985c405,https://farm6.staticflickr.com/3343/3486469382_97b09520e9_o.jpg
5697c6bb2f050038,https://c1.staticflickr.com/9/8108/8611846139_e3748580da_o.jpg
56ab4b945975c5bf,https://c8.staticflickr.com/6/5058/5558984085_5479596b30_o.jpg
56d787ce01d45c92,https://farm3.staticflickr.com/2936/14204432984_985c072a43_o.jpg
56d7ce5fb15e092b,https://c4.staticflickr.com/7/6035/6242655843_21b2b41ed9_o.jpg
56f13f2806943971,https://farm2.staticflickr.com/4153/4983206601_27405d471f_o.jpg
5700b1345b5fc394,https://farm5.staticflickr.com/4044/4479359690_c87a2b4776_o.jpg
572c37263b5b9ce7,https://farm8.staticflickr.com/7329/9438906975_1692386df4_o.jpg
57aac90fe6068efd,https://c6.staticflickr.com/4/3340/4615031380_bc6e1e7f1f_o.jpg
57bf29468a88ff07,https://farm8.staticflickr.com/7433/11833610254_97a2f1a102_o.jpg
57bffe370d57a307,https://farm8.staticflickr.com/45/179552791_33b14f243b_o.jpg
58783b5835959c2e,https://c7.staticflickr.com/3/2053/2202906067_f82d6488e1_o.jpg
58e119da6d9a09b1,https://farm2.staticflickr.com/242/455659068_6cab33eed9_o.jpg
59011f8d53fed3eb,https://c4.staticflickr.com/1/480/20297008866_d42aae3694_o.jpg
5924475f81371f31,https://farm2.staticflickr.com/69/168836957_f9c43daba3_o.jpg
59288de60168ec39,https://c2.staticflickr.com/3/2426/3578807662_3bc6340ba1_o.jpg
5976fa28bc7a6433,https://farm4.staticflickr.com/544/18954802220_84ea7b6aeb_o.jpg
598bcd37ae784ff9,https://c2.staticflickr.com/9/8086/8588758635_ff8912fcb3_o.jpg
59c64c5886bc8dd3,https://farm4.staticflickr.com/3447/3261719490_1594de130e_o.jpg
5a0d213f25d5eb9e,https://c7.staticflickr.com/1/18/23911221_242c3afbb1_o.jpg
5a0f43d131810640,https://farm1.staticflickr.com/2642/3786432283_f36fbd56dc_o.jpg
5a347d6735f44a1f,https://c8.staticflickr.com/6/5197/14220531911_f38d2e2a62_o.jpg
5a8c15b3c54e2f81,https://farm2.staticflickr.com/2438/4100505373_0f2a0302f8_o.jpg
5a9f93778c8f37e1,https://farm2.staticflickr.com/7117/7457511076_ee505afe8e_o.jpg
5b0a7ce949ab2148,https://c1.staticflickr.com/1/240/451483558_2a9a1be3a1_o.jpg
5b768b99568308eb,https://c4.staticflickr.com/9/8665/15954054078_d910367755_o.jpg
5bc826cd7d7187ac,https://c5.staticflickr.com/1/44/136961711_5366a84645_o.jpg
5bdf250ae2e0f55b,https://c4.staticflickr.com/3/2198/2262993397_cc3c97e324_o.jpg
5c0513e1392867ad,https://c6.staticflickr.com/4/3285/5767988014_5fc76d0e25_o.jpg
5c0e1b427e4fbe32,https://farm3.staticflickr.com/2435/3635873531_2a349b9050_o.jpg
5c82a3ea22797650,https://farm1.staticflickr.com/6003/5982276256_0ce6bffced_o.jpg
5d05bfca4572b1cd,https://c6.staticflickr.com/4/3836/14467949884_44e9be9830_o.jpg
5d2d58cc8716e2cc,https://c5.staticflickr.com/4/3923/14845432470_eaa31c53db_o.jpg
5d433c8bfff6a825,https://farm6.staticflickr.com/6030/5927677746_50be2d062c_o.jpg
5db0063f569ed39b,https://c4.staticflickr.com/6/5223/5553785394_7431d52946_o.jpg
5dbb0995ff6ab5df,https://c8.staticflickr.com/8/7459/12751355465_2d1cfa7959_o.jpg
5dc5a38e2f76a110,https://farm1.staticflickr.com/6142/5921699530_5f92ae7d7d_o.jpg
5e857e8747c53369,https://c2.staticflickr.com/2/1353/909291293_8fb6fd8c28_o.jpg
5e96f0dd6c675b98,https://c1.staticflickr.com/1/350/20444120372_a10c80cdda_o.jpg
5ec705578cab4c83,https://farm4.staticflickr.com/54/156614209_ede88cdc51_o.jpg
5f192acdbf748421,https://farm2.staticflickr.com/3235/3575834228_befa8a9438_o.jpg
5f453709be358da5,https://farm6.staticflickr.com/3873/14921660216_0295b51a5b_o.jpg
5fc3336bd17ca70e,https://c7.staticflickr.com/3/2850/10093061783_e1ddf34e5d_o.jpg
5fc3d7113a25fdc0,https://farm1.staticflickr.com/8110/8482845977_6e0fe7f1f0_o.jpg
605f1c30db41c3b0,https://farm1.staticflickr.com/8593/16016368984_167de97890_o.jpg
60a5d20803c7aac9,https://c2.staticflickr.com/2/1331/753989043_760af6fcce_o.jpg
60b54f577a6bbd61,https://farm2.staticflickr.com/1292/533749320_64871a68fc_o.jpg
615480e8a5356d26,https://farm7.staticflickr.com/2054/1563055431_1fc8b0ca9d_o.jpg
6194e3e3b51cab66,https://farm7.staticflickr.com/2409/2382104943_0d73a37e62_o.jpg
61f4eb0e28e85181,https://farm2.staticflickr.com/8743/16958886516_41300794b4_o.jpg
6207fdcdc2cc2357,https://farm8.staticflickr.com/4031/4283290796_bbc454bc59_o.jpg
620b2bb3463e369b,https://c4.staticflickr.com/1/42/120254350_0a69d55687_o.jpg
6264514329dbe970,https://farm1.staticflickr.com/5096/5498158975_b92e5e154e_o.jpg
62938a66f2b2f485,https://farm6.staticflickr.com/86/226989259_ec901ec131_o.jpg
62a2d630962273a6,https://farm7.staticflickr.com/2642/3678107246_ed9471f390_o.jpg
62c2545d9ba7ed31,https://farm2.staticflickr.com/7605/16613433443_dc98ccb538_o.jpg
630e961ce2c160fb,https://c4.staticflickr.com/8/7451/9521848556_ce61cd4d14_o.jpg
6317e2bb3debddff,https://c8.staticflickr.com/9/8703/17216193475_4361252c13_o.jpg
632ab20e63411bc9,https://c2.staticflickr.com/4/3650/3548239851_f087e1202a_o.jpg
633da1d389b2105d,https://c6.staticflickr.com/3/2897/14297367366_5c2dac160b_o.jpg
634051ab085031b4,https://farm5.staticflickr.com/3082/3244732071_4f03d22e04_o.jpg
63494a7849fea4f0,https://farm1.staticflickr.com/3518/4006049016_d492158092_o.jpg
637e9f01f4596ccf,https://c8.staticflickr.com/8/7442/10811116034_fb0e3f4e83_o.jpg
638550e6aa92f556,https://farm7.staticflickr.com/4014/4707486096_49b52168ac_o.jpg
63e20e70dbd9ada4,https://farm5.staticflickr.com/1395/3171570637_70e3a1eb9d_o.jpg
640fa574cd9d9c37,https://farm8.staticflickr.com/3/2931598_e2c10d4b96_o.jpg
641572402882084d,https://c6.staticflickr.com/4/3099/2905100523_0d5560d6f6_o.jpg
643d47d2835679bf,https://c8.staticflickr.com/3/2878/10548430475_3c5e82bbe2_o.jpg
647011108c6e2425,https://farm6.staticflickr.com/8107/8577968818_9c14a078c1_o.jpg
64e8723dea97ab55,https://farm6.staticflickr.com/4064/4688311258_166c022c9c_o.jpg
65942f5185f85721,https://farm2.staticflickr.com/3293/2827498399_5f655fca55_o.jpg
65a20a981d3d0e78,https://c1.staticflickr.com/1/105/304279180_891ca4c23d_o.jpg
65b7e83d6b48074a,https://c3.staticflickr.com/6/5174/5459387149_40f063f0ac_o.jpg
65cb43e977e3f21c,https://c5.staticflickr.com/3/2067/2105445375_8f4c7abca7_o.jpg
65db81c9481da721,https://farm2.staticflickr.com/7255/7039391943_79eea0ac1d_o.jpg
663709004d99b528,https://c1.staticflickr.com/9/8347/8190039238_83c5f6d9a0_o.jpg
666d50c6e8760265,https://farm6.staticflickr.com/3475/5765479823_0e93ebec89_o.jpg
668fcdeceb593683,https://farm4.staticflickr.com/7356/9166175657_527e3f44c1_o.jpg
66d5642046ed713b,https://c4.staticflickr.com/1/633/21969490296_beb010807c_o.jpg
67c000fef6ac67c6,https://farm7.staticflickr.com/538/20152080278_144c14bfe2_o.jpg
68685c290c996d18,https://c1.staticflickr.com/3/2803/4303154740_b1c04d28d6_o.jpg
687465422348d1d1,https://farm2.staticflickr.com/2012/2270126869_0a43344111_o.jpg
689cffdc2faa0532,https://farm3.staticflickr.com/46/165160824_a0d154feb2_o.jpg
68aa3ec36a8ce0f6,https://farm7.staticflickr.com/1285/624753659_9760efbb93_o.jpg
68aa89be3581d268,https://c1.staticflickr.com/4/3382/3581322869_9c6852ffc4_o.jpg
6912bda388d30d2f,https://c8.staticflickr.com/3/2929/14550572871_e057f4edb5_o.jpg
695ead6778531e47,https://farm8.staticflickr.com/3919/15187002705_65a9502b27_o.jpg
6a0203d1bb42e804,https://farm5.staticflickr.com/2596/4137737681_83539065d5_o.jpg
6a5a578375d116d5,https://farm6.staticflickr.com/2913/14317413201_05ed3a0796_o.jpg
6aadc073a9e5881f,https://c8.staticflickr.com/8/7578/15513085123_1420cc645a_o.jpg
6ad6fc4896f77ac3,https://farm4.staticflickr.com/70/176369513_479dd61542_o.jpg
6cd10d9bc53f8f8c,https://c5.staticflickr.com/1/57/194806638_6d586fbba2_o.jpg
6ce59dcb3ebe7058,https://c1.staticflickr.com/6/5591/14633416172_2c33998895_o.jpg
6cef0118b9334340,https://farm1.staticflickr.com/7765/17466438434_09966f250b_o.jpg
6d138918f11c1497,https://farm8.staticflickr.com/3224/3066805578_381716172f_o.jpg
6d649173801a41cd,https://c6.staticflickr.com/3/2666/3869918570_3924418a77_o.jpg
6d8f680a7ad106fd,https://c6.staticflickr.com/9/8499/8363590467_e160eb7609_o.jpg
6da362994a5d7280,https://farm1.staticflickr.com/8022/7614008458_d6ddfdc534_o.jpg
6dbcfb84bdd6c489,https://c2.staticflickr.com/4/3560/3407046485_3287bdf326_o.jpg
6e22548c00329207,https://farm8.staticflickr.com/3025/2527442643_670f9157b6_o.jpg
6ebf26c6e1e43b04,https://farm5.staticflickr.com/1272/642517365_3b68e0155b_o.jpg
6f610e345ca1edc4,https://farm5.staticflickr.com/2762/4062738854_f696079ed3_o.jpg
6fa2b13062f58061,https://farm2.staticflickr.com/24/44155446_1358d4d06d_o.jpg
6fb185829cdef88b,https://c4.staticflickr.com/9/8391/8506852731_6ef4cfceb4_o.jpg
7017651b9f1d59c0,https://farm1.staticflickr.com/7158/6645061163_cc302f7505_o.jpg
702955607058fd20,https://farm1.staticflickr.com/7174/6655648053_791e2af9c4_o.jpg
70e850bca0bbd2a8,https://c1.staticflickr.com/7/6041/6262453353_c519b409b3_o.jpg
710ba8fe2574c63c,https://c5.staticflickr.com/1/84/260448141_e05fcc6bee_o.jpg
7133fe80c074e3fc,https://c5.staticflickr.com/1/115/311775826_ee108e059c_o.jpg
713a95896ebcd9ad,https://c6.staticflickr.com/8/7271/7457502690_30ba1f8f3c_o.jpg
71476dbaf77ba530,https://farm1.staticflickr.com/2144/2172532521_d94066741c_o.jpg
71526bba187851d6,https://farm7.staticflickr.com/6031/6255198474_29720de401_o.jpg
718dbd64318d1663,https://farm4.staticflickr.com/17/23559290_38e95ca7f1_o.jpg
720c9cfbf6307de3,https://farm4.staticflickr.com/91/239990946_52b56a35af_o.jpg
72a33cf05d3a5216,https://farm7.staticflickr.com/3616/3407827346_6d6930ba69_o.jpg
72c9b9ac1561268b,https://c4.staticflickr.com/4/3072/2878106458_58b8c36e60_o.jpg
7367280b168294e8,https://c1.staticflickr.com/4/3207/2877270273_1ac1356691_o.jpg
7371c69b19858802,https://farm3.staticflickr.com/8191/8137375915_10df12e90c_o.jpg
739d4b0c803eb1f9,https://c2.staticflickr.com/6/5115/6931295732_96b149a297_o.jpg
7421356e6d6db5ec,https://c5.staticflickr.com/9/8290/7707163632_0266de3806_o.jpg
748408a3fd2298f6,https://farm7.staticflickr.com/7488/16095618680_2c52f33151_o.jpg
7494057f808a3240,https://farm1.staticflickr.com/8020/7276462254_7607654c0a_o.jpg
749809e213fcf7f0,https://farm1.staticflickr.com/7619/17037226266_c9ce12f103_o.jpg
7529afa2b20d5a4a,https://c3.staticflickr.com/8/7051/8688872905_65ced98955_o.jpg
7530ef9942ec3c1a,https://c3.staticflickr.com/3/2032/4511998074_5724e7e787_o.jpg
756887669f290f15,https://farm6.staticflickr.com/95/232621857_9dafee0e9c_o.jpg
7571685e4d06aa6b,https://c4.staticflickr.com/4/3177/2732289089_7b12a6ca0e_o.jpg
759dbfc5d5e5e47d,https://c6.staticflickr.com/9/8609/16412658659_f123cf07b5_o.jpg
75acfcb42c7fdafb,https://c4.staticflickr.com/4/3428/3945881871_df00fddf76_o.jpg
760a9d7b9e3266bd,https://c6.staticflickr.com/8/7160/6581618037_f7802f176c_o.jpg
761e604966c8ccd6,https://farm7.staticflickr.com/7241/7222348804_065c03e18d_o.jpg
7644479c6f1ff5f9,https://c2.staticflickr.com/1/219/455671424_cbc5ba6875_o.jpg
765955e157886248,https://c1.staticflickr.com/3/2588/4200151057_0631aff2ea_o.jpg
767a0a355f9e2793,https://farm4.staticflickr.com/535/19255900523_cc0af0e12a_o.jpg
76d79b1797cc5646,https://farm7.staticflickr.com/8012/7459269674_da2947b00b_o.jpg
7794a4c2b6aa5d66,https://farm7.staticflickr.com/3410/3551391395_832a89b476_o.jpg
77af2a562f1e0e1b,https://c4.staticflickr.com/8/7742/18432083231_841be30837_o.jpg
781b624e8833ad54,https://farm5.staticflickr.com/3444/3372745215_0d67e710b1_o.jpg
7838509e3250ad1e,https://c7.staticflickr.com/6/5175/5390676873_4729e3d109_o.jpg
79114ab2fbfebe78,https://c1.staticflickr.com/3/2934/14168837938_21371e82a6_o.jpg
79363aeda805d5a6,https://farm7.staticflickr.com/2775/4174404741_aec1186af6_o.jpg
797e7e8fd893cb29,https://c2.staticflickr.com/9/8111/8505623273_17e20be307_o.jpg
79e69beb5af6db98,https://c1.staticflickr.com/3/2847/9277781287_9618fb257d_o.jpg
7a38ad222789cadc,https://c5.staticflickr.com/9/8438/7750531440_5a0c08a178_o.jpg
7a61bb1049c501ab,https://c4.staticflickr.com/6/5348/14127870012_333589d375_o.jpg
7a6a725b1f859f24,https://farm5.staticflickr.com/51/383053438_2a81c4025b_o.jpg
7aaf2eec8d7919ce,https://c7.staticflickr.com/4/3366/3541998987_a01aa07fc0_o.jpg
7b3c117157601f5a,https://c3.staticflickr.com/8/7134/7571950266_3cfaf1c9e6_o.jpg
7b8d78b0e6348413,https://farm4.staticflickr.com/44/146689272_26c8449d29_o.jpg
7b968df197bc8f97,https://farm8.staticflickr.com/2392/2106512590_b8aae8c4a4_o.jpg
7bb6b3e2198df7ae,https://c7.staticflickr.com/6/5247/5348831927_7e0ba60fba_o.jpg
7c27c205fcb44803,https://farm4.staticflickr.com/8175/8012885304_0882e927aa_o.jpg
7d24471e433e2a18,https://c1.staticflickr.com/3/2119/5767442711_35ab6eb2c2_o.jpg
7d2b035e962100fe,https://c7.staticflickr.com/9/8786/17337740048_4568144394_o.jpg
7d6982e98ff1d571,https://farm2.staticflickr.com/4005/4493836161_75efb956f2_o.jpg
7dde330670d044d2,https://farm3.staticflickr.com/5132/5562417304_d921861391_o.jpg
7e8fec75dc00712a,https://c3.staticflickr.com/3/2714/4200905272_75b3ff5d86_o.jpg
7f079fe39edd0888,https://c1.staticflickr.com/6/5132/5549621794_4512073c11_o.jpg
7f5771d9fc767e5a,https://c3.staticflickr.com/5/4069/4547246627_e7e8cc9909_o.jpg
80229f5eb779c5a6,https://farm7.staticflickr.com/106/276162779_f21a725b11_o.jpg
802449c5ea903480,https://farm1.staticflickr.com/8099/8610043210_628c13d657_o.jpg
808b0c3d2e00be90,https://farm1.staticflickr.com/3317/3433994571_563abf9814_o.jpg
8129d5f65c1cc407,https://farm8.staticflickr.com/3307/3274874670_ab7b650aa8_o.jpg
8161feeae610f3eb,https://c4.staticflickr.com/1/47/132501816_93f9c5965a_o.jpg
817d8cbfd8bf4b41,https://farm2.staticflickr.com/4010/4396954633_76a2969a4b_o.jpg
81832b34067c3d14,https://farm5.staticflickr.com/2778/4424960926_6e73eedafa_o.jpg
81a4bba96135c773,https://farm4.staticflickr.com/2936/14230709951_db649c0496_o.jpg
81cbf0a0bea19ffa,https://c3.staticflickr.com/9/8242/8554898225_6f2031f216_o.jpg
820504b49634a428,https://c1.staticflickr.com/4/3566/3516631101_daa106982e_o.jpg
8280c7eaf4e0dd09,https://c2.staticflickr.com/4/3540/3521329740_72b764a4a0_o.jpg
8288aec347880bc7,https://farm8.staticflickr.com/5787/19901105833_2b943163d6_o.jpg
829723125cb0754b,https://c4.staticflickr.com/1/464/18451309964_a7ab50be75_o.jpg
832ccce5aed69246,https://farm7.staticflickr.com/3650/3420936619_48822e0b8a_o.jpg
836bf531eefecd08,https://c1.staticflickr.com/8/7493/16137828901_f184a2efd9_o.jpg
83b413f2735c9bb3,https://farm4.staticflickr.com/5080/6902487974_04ae33e36a_o.jpg
842ce902cbfd0ea5,https://farm6.staticflickr.com/104/311775977_7c895d60fe_o.jpg
8430ccf5615c6077,https://farm8.staticflickr.com/1266/1144926824_2ed1c97b06_o.jpg
847c3377747b3075,https://farm6.staticflickr.com/77/226331249_6539147c5b_o.jpg
84c02b03b6e48b05,https://farm6.staticflickr.com/8662/16107339035_0bf6fd03b4_o.jpg
84c0d954c388c139,https://c2.staticflickr.com/4/3779/11148936655_bfc5b91d44_o.jpg
84d5c42b4fcdfa28,https://c1.staticflickr.com/3/2138/2335191142_dedd3fcb84_o.jpg
85246f2d1d7c1691,https://farm2.staticflickr.com/3281/2699913571_df2b9fd47a_o.jpg
85b437c97d2e2d8a,https://c3.staticflickr.com/4/3817/14096154459_a5887640a2_o.jpg
85cc934a5256a0d8,https://c1.staticflickr.com/7/6010/5887218439_bf373d4416_o.jpg
85e1d331d3914a33,https://farm4.staticflickr.com/7485/15460232469_227216ae9d_o.jpg
85f08930c403a394,https://farm5.staticflickr.com/3932/15497688745_797baa5927_o.jpg
862c9d194d35ab62,https://farm3.staticflickr.com/1122/5136792284_cf655c929c_o.jpg
865880ca43da3f9c,https://c5.staticflickr.com/2/1358/1235598966_47952ddeeb_o.jpg
867e46abda1e7097,https://farm8.staticflickr.com/7599/16769525517_d86366ddd5_o.jpg
869b328456552ced,https://c6.staticflickr.com/6/5590/14817364663_f4e0c76bdd_o.jpg
87168e428a8ff815,https://farm6.staticflickr.com/2341/2124953061_5d228ac501_o.jpg
871722ecbe7b8107,https://farm8.staticflickr.com/6179/6190380186_99b423064c_o.jpg
87458f26d192168d,https://c6.staticflickr.com/1/13/93052868_2e04e1c2be_o.jpg
87a0b6e52ff98835,https://farm6.staticflickr.com/185/460545335_f556a582e2_o.jpg
87cdbd733daf3748,https://c1.staticflickr.com/3/2651/3878302677_dd70f77006_o.jpg
87e3336e00786555,https://farm6.staticflickr.com/3491/3727301082_d59fa273ea_o.jpg
88129bca8edc2f13,https://farm4.staticflickr.com/96/220501395_7001f44f27_o.jpg
883286c12dffe4f9,https://c2.staticflickr.com/1/65/187035279_cf2d103ee9_o.jpg
891613af0b877858,https://c1.staticflickr.com/8/7278/7571625114_9ba22d794b_o.jpg
89663c96c1c21a0a,https://c3.staticflickr.com/9/8098/8524956053_f1f4dce082_o.jpg
89f886a511e286de,https://c7.staticflickr.com/4/3846/14627712754_044a3a8445_o.jpg
8a44650221d6be01,https://farm2.staticflickr.com/3884/14174647667_ecb18668f5_o.jpg
8a7e6179c93e18a8,https://c1.staticflickr.com/3/2516/3712368468_f510c7d6bd_o.jpg
8b3a24c069af2cbc,https://c5.staticflickr.com/8/7444/8941651128_fb9954eabb_o.jpg
8b6b27ccbbe701e4,https://farm5.staticflickr.com/3275/2582986649_125c067629_o.jpg
8bc9c0d7745029fb,https://c4.staticflickr.com/1/30/44155404_a9d108257e_o.jpg
8bd1b4efe160b2af,https://c8.staticflickr.com/8/7203/13925119099_2f18eda341_o.jpg
8bd91ef64e217b4c,https://c5.staticflickr.com/7/6159/6192859931_5630f029d2_o.jpg
8c74e772f2dc7660,https://farm1.staticflickr.com/175/367180868_efad9b2f5c_o.jpg
8c7e895b926146e8,https://c1.staticflickr.com/6/5705/21298089386_6f8dc5be7a_o.jpg
8ca7a3e36ad60585,https://farm6.staticflickr.com/3009/3251538144_54b8cfe155_o.jpg
8cbfa87d69af0cd0,https://farm1.staticflickr.com/6123/5985125801_e73bbd7dc5_o.jpg
8cc12b4b30d9f3ba,https://c3.staticflickr.com/4/3162/2524846716_c59878f231_o.jpg
8cfdffaf34eec3f4,https://farm5.staticflickr.com/7123/7732637872_081a44a171_o.jpg
8d0a9ca04df441e5,https://farm6.staticflickr.com/1172/1408053540_6306131d79_o.jpg
8d15a3639709bef0,https://farm1.staticflickr.com/577/20912796606_5c48f684f4_o.jpg
8d492341ff2faf7e,https://c7.staticflickr.com/6/5562/14683837934_a3c8043838_o.jpg
8e33d7948434c68c,https://c5.staticflickr.com/4/3776/9141934120_8f582b7f8e_o.jpg
8e33ee10a2ee3409,https://c2.staticflickr.com/2/1150/928658644_c31026db84_o.jpg
8e36c608a97c4aee,https://c7.staticflickr.com/8/7374/9806461544_323cd84d5f_o.jpg
8e563c07404be2ef,https://c8.staticflickr.com/9/8050/8130227163_ab4f86597d_o.jpg
8e7f346142b351ef,https://c8.staticflickr.com/1/383/19358526440_9b5b0e7755_o.jpg
8ef640eb37efbe7b,https://c4.staticflickr.com/5/4139/4793806032_083c79da16_o.jpg
8ef88bb1d33fb3e8,https://c1.staticflickr.com/8/7481/15825238956_35d395f94e_o.jpg
8fae2c50dfa6526a,https://c3.staticflickr.com/1/85/212499465_8dafc33b75_o.jpg
901b7341631c3bbb,https://c4.staticflickr.com/5/4065/4474245682_ed3bb7eec2_o.jpg
901c3b2fec48271c,https://c5.staticflickr.com/2/1088/571196579_e3955cf319_o.jpg
908524957b0c6c7c,https://c5.staticflickr.com/3/2902/14259947481_4821a5360e_o.jpg
90938ad672edd355,https://farm6.staticflickr.com/6063/6029701595_d3105c8b1a_o.jpg
90eb06b97aa9d5b8,https://c1.staticflickr.com/6/5339/18846035435_77299ed8e0_o.jpg
9128c5642f0039f3,https://farm4.staticflickr.com/4060/4703252827_03c83dbff3_o.jpg
917afb6673992d9b,https://c4.staticflickr.com/3/2226/3644880322_acf4c5da10_o.jpg
9201088ba13d3a18,https://c1.staticflickr.com/6/5261/5552853161_9ece50759a_o.jpg
92943388aedfedfb,https://c4.staticflickr.com/4/3232/3123743456_92cbffae69_o.jpg
92a9a0a68f17a41f,https://c8.staticflickr.com/3/2947/15234771909_7625b7fa57_o.jpg
92d1b2d612ee86ef,https://c8.staticflickr.com/6/5532/9364307298_c81b4fe9d9_o.jpg
92e0bfbf2fdf0ae3,https://farm4.staticflickr.com/3852/14474180286_cb26032545_o.jpg
92e31c24d8135894,https://farm5.staticflickr.com/2886/11195003753_c270fbc7ca_o.jpg
930feb496045e4c8,https://c1.staticflickr.com/2/1322/642421193_f0e104d650_o.jpg
93159bb53aba2413,https://farm4.staticflickr.com/1318/860346842_aa1c8a86e5_o.jpg
9324eb69f3407a9c,https://c5.staticflickr.com/6/5017/5471843998_36c95dd486_o.jpg
9348c4360c3eab77,https://farm8.staticflickr.com/4026/4682773200_197f1355f6_o.jpg
939a6bd353a890d0,https://farm1.staticflickr.com/5143/5576993794_62174031a2_o.jpg
93f095f76f949b6e,https://c7.staticflickr.com/9/8503/8316824902_0da46e9e9c_o.jpg
95224ab3643a5fda,https://c3.staticflickr.com/4/3274/2972370436_a643c3f840_o.jpg
95e2566f2848319d,https://c6.staticflickr.com/9/8353/8339057375_9f8ec56125_o.jpg
96158bc36d88a117,https://farm8.staticflickr.com/2825/10437343716_949ffb751e_o.jpg
96b4e738b2999800,https://farm1.staticflickr.com/179/425583752_108a779589_o.jpg
96cfff663fea3b45,https://farm6.staticflickr.com/2936/14598635130_943996b7b5_o.jpg
97352f8957b3ac06,https://farm7.staticflickr.com/3146/2778707483_98aee5c05a_o.jpg
975939e34d5af897,https://farm8.staticflickr.com/79/264015386_15666652d1_o.jpg
975bb922bf75fe0e,https://c7.staticflickr.com/8/7641/16479701634_52edae7764_o.jpg
97cafa879c3aee63,https://farm4.staticflickr.com/8014/7523557400_802bf852a2_o.jpg
995f0f9a4a7512e3,https://farm4.staticflickr.com/91/226331364_6e333e0908_o.jpg
9998f3dd9d04e9c4,https://farm5.staticflickr.com/2612/3998082971_53682cb66f_o.jpg
99e1189fb9150f80,https://farm1.staticflickr.com/2550/3744769153_9a8f4a1323_o.jpg
9a40ac81f5cddf99,https://c2.staticflickr.com/8/7174/6644178855_d12074bcd9_o.jpg
9b23f230cb502908,https://c1.staticflickr.com/1/134/325860368_0a7c171eb1_o.jpg
9b61628586cb66f3,https://farm4.staticflickr.com/5605/15635975602_4ce6ced07e_o.jpg
9c669c696c8d91c1,https://farm2.staticflickr.com/8434/7584269436_b66e66c7a0_o.jpg
9cad3f0c0b3084a3,https://farm4.staticflickr.com/7013/6766085335_a51d642c4b_o.jpg
9d50f1fa71f51541,https://farm2.staticflickr.com/5454/6912503328_8a958c4ba1_o.jpg
9d74cc1ae620f53c,https://c5.staticflickr.com/6/5596/14565775537_f73e650c89_o.jpg
9d8a9631cc0c4c4c,https://c5.staticflickr.com/1/53/134635633_61e99fda9c_o.jpg
9d9f4b26f11950d8,https://c1.staticflickr.com/3/2617/4147454541_f46c7d1b0a_o.jpg
9deeb771b82c23d1,https://farm2.staticflickr.com/198/441211236_5051004d14_o.jpg
9e434b5a75efafa4,https://farm5.staticflickr.com/36/100534082_f415449c7b_o.jpg
9ea2b860d1d19f06,https://farm7.staticflickr.com/5775/21302483901_da10377cfc_o.jpg
9f8e7628240831f8,https://c1.staticflickr.com/9/8230/8558479492_4bec1047cf_o.jpg
9f922d19cf683e01,https://farm2.staticflickr.com/8466/8384584352_ee0c68c771_o.jpg
9fd6d0b25a87e4a7,https://farm8.staticflickr.com/530/19351221902_0aaeca07ea_o.jpg
9fe115d192b29870,https://farm1.staticflickr.com/3226/3009903511_c22d65e2b6_o.jpg
a0642a142e0790e9,https://c2.staticflickr.com/8/7319/10393462666_89b09f1404_o.jpg
a0691e5a1039eda8,https://c1.staticflickr.com/5/4140/4791658474_9e1143875a_o.jpg
a18ad1a487c7413f,https://c8.staticflickr.com/8/7187/13403152794_0455e2edea_o.jpg
a195538a7b65179a,https://c3.staticflickr.com/5/4002/4695081147_354eccf27b_o.jpg
a1ae490f2126b005,https://farm6.staticflickr.com/8/12165836_aa6c44c9be_o.jpg
a1b03af7524d7907,https://farm8.staticflickr.com/22/30291826_dad8bf6995_o.jpg
a1cfb4de34d9c59e,https://c7.staticflickr.com/1/78/170671269_3b01cd71d2_o.jpg
a242dc203f0d1120,https://farm1.staticflickr.com/7419/15824181433_0aa4864c55_o.jpg
a24e05aeed66ad53,https://farm4.staticflickr.com/2356/2172530771_dba09176fa_o.jpg
a258de37dd35d85c,https://c5.staticflickr.com/4/3449/3385625543_365cc192d9_o.jpg
a3172851612cf324,https://farm5.staticflickr.com/5173/5430186217_c09a4f73b5_o.jpg
a31844db7515c978,https://c1.staticflickr.com/2/1156/4724195118_7a3fbdc2f8_o.jpg
a3d76d15b6b8074c,https://c5.staticflickr.com/6/5741/20840369782_4a53d50323_o.jpg
a3ebaab41f3f841d,https://c6.staticflickr.com/5/4103/5051730108_cdcf07ab51_o.jpg
a41861d74b8b9776,https://farm7.staticflickr.com/7450/10833742883_0381f4884a_o.jpg
a4635fc3a656b61b,https://c4.staticflickr.com/8/7189/14089294324_f39e686ac5_o.jpg
a4a081b2cad05ef2,https://farm3.staticflickr.com/7142/6423077201_38fa0724a9_o.jpg
a51267897c488eab,https://c4.staticflickr.com/4/3047/2476932586_ac6ec85243_o.jpg
a51b8a0c4b266d0d,https://c6.staticflickr.com/6/5100/5479345314_8d55dbf6d7_o.jpg
a5233c74d13f1b54,https://farm5.staticflickr.com/7094/7321035924_ba6312c7a7_o.jpg
a561b1b4911f3128,https://c1.staticflickr.com/1/374/19362624389_d1485259e1_o.jpg
a651d6a7954b2170,https://farm1.staticflickr.com/7126/7539893424_d8ac652c24_o.jpg
a67dd86bdada2bc8,https://c1.staticflickr.com/3/2897/14545507334_739672a77c_o.jpg
a75a97260604b9f5,https://farm6.staticflickr.com/7568/16178008386_67f86bc1a0_o.jpg
a78b84b0d50e0290,https://farm1.staticflickr.com/3667/11902969143_9dec61eddc_o.jpg
a862f1d0f8a87a3e,https://c7.staticflickr.com/4/3844/15000534450_0e79811d57_o.jpg
a921ebe0df4eafc5,https://farm6.staticflickr.com/6114/6310197327_e075ab9ffc_o.jpg
a93163232e89caf7,https://farm8.staticflickr.com/4011/4200154681_65c9302327_o.jpg
a95b7453dca088f7,https://farm8.staticflickr.com/2750/4138501706_3cfe1a4d3b_o.jpg
aa400ffcbf60c810,https://farm1.staticflickr.com/8034/8042982196_7a495e8c7f_o.jpg
aa440b31b8823e19,https://c2.staticflickr.com/9/8197/8199960717_b393514982_o.jpg
aade01d1fdedfad6,https://farm7.staticflickr.com/6082/6045585911_f777626aa1_o.jpg
ab038b1510fa7c94,https://farm5.staticflickr.com/3839/14367384024_1b5d65c0c5_o.jpg
ab0a946e57946524,https://farm5.staticflickr.com/7338/12719677784_8cec6a3ff8_o.jpg
ac2bd06568f34b0d,https://c6.staticflickr.com/8/7562/15562464377_0b49a31bb8_o.jpg
acb51bcbd8870fe9,https://c2.staticflickr.com/7/6005/6003093627_99644154b5_o.jpg
ace865361ffd555e,https://c7.staticflickr.com/9/8217/8254349957_75b62cdb84_o.jpg
ad242b5fde95464b,https://c4.staticflickr.com/5/4144/5410708205_8b63c5a90a_o.jpg
ad2f772cb250c71e,https://c7.staticflickr.com/1/179/425525334_6cae2a3257_o.jpg
ad6b9969e7311993,https://farm4.staticflickr.com/3824/13545765823_56f52c675c_o.jpg
ad78319ffa8cbe2f,https://c8.staticflickr.com/5/4078/4776248074_10a2cb3cfc_o.jpg
ad9e744224625171,https://farm2.staticflickr.com/5210/5339353102_fc2021bf1f_o.jpg
ada25c3519157a23,https://farm4.staticflickr.com/1383/4726439541_270b60638f_o.jpg
adb73f6b8e842b26,https://farm7.staticflickr.com/6219/6255202416_cceaf97439_o.jpg
add1bd0403beb41b,https://c4.staticflickr.com/1/55/154456870_de040efd0c_o.jpg
ade452432ad02ffa,https://c3.staticflickr.com/8/7051/6825415736_8f09463cd9_o.jpg
ae091512d5640e62,https://farm3.staticflickr.com/8148/7201918866_805af1ecc7_o.jpg
aef9439cdb3bd033,https://farm4.staticflickr.com/5588/14830231579_a195d9e233_o.jpg
aefab1a0e5d8b690,https://farm1.staticflickr.com/7465/15967226311_def8b5cd9d_o.jpg
af20bc6956da6a54,https://farm5.staticflickr.com/6164/6162265081_26dafae62d_o.jpg
af2cd92251cf8854,https://farm5.staticflickr.com/3178/2369173280_b0acaca5a5_o.jpg
af6d068954d9a5d0,https://farm1.staticflickr.com/3545/3406472646_af3df0c951_o.jpg
afc633e75b371118,https://c1.staticflickr.com/2/1359/4726069573_2a0612db4e_o.jpg
b01f39e5b37e7284,https://farm5.staticflickr.com/6058/6212338047_a555aceaaf_o.jpg
b0573f5da49505a0,https://farm1.staticflickr.com/3057/3092264991_209e60cfa2_o.jpg
b15696c230311f48,https://c1.staticflickr.com/3/2707/13193161454_e6b875d628_o.jpg
b1f4a54e3119d1c8,https://c1.staticflickr.com/8/7640/16428021233_5cc4ece28f_o.jpg
b3383177073f7476,https://farm7.staticflickr.com/7155/6548921053_d94f6a5095_o.jpg
b364ae5bddfbcda0,https://farm1.staticflickr.com/8525/8530279073_5ce096a5f1_o.jpg
b441ffd5dfdd454c,https://c5.staticflickr.com/5/4072/4706827223_1e6e0c7119_o.jpg
b44544c09ff91e30,https://farm1.staticflickr.com/7570/15386780133_50ea3c1f75_o.jpg
b4c07678ffdcfe3a,https://c3.staticflickr.com/8/7220/6960423062_7bdf198a57_o.jpg
b5673eae6b016eee,https://c7.staticflickr.com/4/3699/13923090966_974a745e19_o.jpg
b5eba8a260030d3b,https://c4.staticflickr.com/4/3529/3727298774_eb7003408e_o.jpg
b61a3c12d416d607,https://farm8.staticflickr.com/2827/8898649555_96f2d9ea20_o.jpg
b69e4b6470c4a3e8,https://c1.staticflickr.com/6/5014/5529857758_d7ab117fd4_o.jpg
b6d52b348ca174a9,https://c2.staticflickr.com/4/3754/10784930344_1e67eac1cb_o.jpg
b71121ed7c4bc509,https://c2.staticflickr.com/1/45/159393359_a7e5687fe2_o.jpg
b73ef25e89464118,https://c1.staticflickr.com/8/7489/15608808074_b4049bce2c_o.jpg
b7837f4daf9ca46e,https://c7.staticflickr.com/6/5513/13945579706_3c627e811c_o.jpg
b85c2600b3503182,https://farm3.staticflickr.com/89/220825424_c5855efbec_o.jpg
b85c377a3dc9cb16,https://farm7.staticflickr.com/8776/17235369602_1cce656796_o.jpg
b8c359b6cb936c64,https://farm5.staticflickr.com/8835/17780378415_cac52c944c_o.jpg
b8c60609a3d8aa4b,https://c4.staticflickr.com/6/5316/7181819184_0de50d0b4f_o.jpg
b9269181c080d1e4,https://farm5.staticflickr.com/7672/17425975131_3f356bddb2_o.jpg
b9ac2058cbfe6a31,https://farm2.staticflickr.com/2456/3681735154_bc5e62e8dd_o.jpg
b9af013627092bf2,https://farm3.staticflickr.com/2398/2394984104_6453146486_o.jpg
ba766726b85f47b6,https://farm7.staticflickr.com/8368/8451399936_32c6ce8bc8_o.jpg
ba96b2d143d5c688,https://c1.staticflickr.com/5/4035/4659213612_3884f59bda_o.jpg
baa89ab91870e5ce,https://c7.staticflickr.com/4/3380/3517709654_fce4895470_o.jpg
bb1040d1164bf4ac,https://c5.staticflickr.com/1/259/20426059551_d76e6bddfc_o.jpg
bb4c780f1f740382,https://farm3.staticflickr.com/5245/5235100086_42d2a6e020_o.jpg
bb50e0ad02f10815,https://farm6.staticflickr.com/3446/3202350655_3ddb1ce4c0_o.jpg
bb7a11cee5bbed0d,https://c6.staticflickr.com/5/4029/4703776087_3877153e4f_o.jpg
bb8a10dc0c585e8b,https://c4.staticflickr.com/1/181/450571687_d2dc03f7a4_o.jpg
bbdaa942b2509c32,https://farm3.staticflickr.com/5227/5652968965_eb0115bd97_o.jpg
bc1b06dcef8869f6,https://farm7.staticflickr.com/4035/4707483312_a3917b8741_o.jpg
bc28d4286f19c899,https://c2.staticflickr.com/5/4114/4772611295_5ae86c095b_o.jpg
bc3eb960a0f453ea,https://c3.staticflickr.com/4/3491/3935458787_3f31dc013b_o.jpg
bc8dacab48dbfb6c,https://c5.staticflickr.com/1/423/19055661610_eb7a6d3351_o.jpg
bceeb56a00306c82,https://farm3.staticflickr.com/8205/8256394890_4011d787b1_o.jpg
bcff1e217145d16e,https://c7.staticflickr.com/9/8545/8682785730_9db110df21_o.jpg
bd70b806ccf46a9c,https://c5.staticflickr.com/1/208/441341650_7b9e006f4b_o.jpg
bd88dda6ec7496ab,https://c4.staticflickr.com/1/32/44155366_9b841403ed_o.jpg
bdbb25355c968984,https://farm5.staticflickr.com/1086/542809213_25b750b217_o.jpg
bde4fa32c66d8208,https://c1.staticflickr.com/4/3581/3407856156_415b3fd8ee_o.jpg
bde93f5ce0484fac,https://c5.staticflickr.com/4/3083/2645746494_cf5e0c7460_o.jpg
be4550b2b7da6d35,https://farm6.staticflickr.com/3843/14525748588_602cb3e31f_o.jpg
be4874768ac910ea,https://c3.staticflickr.com/9/8620/16421822538_1f52808585_o.jpg
be4a601f003b6542,https://farm3.staticflickr.com/4124/5049112553_c9cf77dcb6_o.jpg
be75bf4c15a0a416,https://farm7.staticflickr.com/4136/4947996469_0dc3882618_o.jpg
be7bc9b7ef6bbb8d,https://c6.staticflickr.com/4/3787/10093004386_807e109552_o.jpg
be97bd3d5400bb0b,https://c4.staticflickr.com/9/8885/17901339580_b544f0194e_o.jpg
beb17809da077669,https://c2.staticflickr.com/4/3134/2705952629_32e0172392_o.jpg
bef530b13fdbfc67,https://farm8.staticflickr.com/3859/14479428634_bacc53b775_o.jpg
bf5414a4acc34cca,https://c3.staticflickr.com/7/6105/6270150046_a6400e61a4_o.jpg
bf71de783697f6a1,https://farm2.staticflickr.com/7351/13926305507_d3ae9b10d5_o.jpg
bfd7f876c2b278d7,https://farm8.staticflickr.com/5/10004331_69a6af8bbe_o.jpg
bfdaeb12fcd855a6,https://farm7.staticflickr.com/4038/4615031286_3e9f9c9d82_o.jpg
c041cc289b8736f4,https://farm5.staticflickr.com/209/460389054_752e9c57ca_o.jpg
c049fa1e72b5d06e,https://c7.staticflickr.com/8/7501/16120354128_8f16b692bd_o.jpg
c09bc7bf9d5e60bc,https://c5.staticflickr.com/7/6138/6014472670_ed59efa9df_o.jpg
c0efd694ea5b906f,https://c8.staticflickr.com/8/7725/16613432393_985d4e71c9_o.jpg
c12ccb7ed3c41adb,https://c4.staticflickr.com/2/1102/1231577665_4e1b41678f_o.jpg
c1616711b199a272,https://farm3.staticflickr.com/5528/14363300685_4083af6d5f_o.jpg
c1a2335fc95ea97a,https://c3.staticflickr.com/4/3767/9352552599_267d0ae7d5_o.jpg
c274374912695fd6,https://farm7.staticflickr.com/3633/3521463382_46145aa6fc_o.jpg
c296c68cb2bdcd88,https://c1.staticflickr.com/5/4049/4630262162_aee8294e81_o.jpg
c2da852262b2a0ca,https://c3.staticflickr.com/5/4133/5092367552_3aa9edd88d_o.jpg
c2eacb711379b7cd,https://c6.staticflickr.com/1/14/93020600_f5fb28e24e_o.jpg
c2f055612ede842b,https://c4.staticflickr.com/8/7225/6889568526_31ffdd60e9_o.jpg
c2ff4aa79d8c3d78,https://c1.staticflickr.com/1/309/18851451839_5a5e56ccef_o.jpg
c368fd4981a0d1c6,https://farm7.staticflickr.com/7458/14192095074_4f7ae64072_o.jpg
c371d25ff0e6dabd,https://c6.staticflickr.com/6/5144/5765481425_c9d7bd5fb1_o.jpg
c3774b98609db841,https://farm2.staticflickr.com/2848/13740394644_53acb5f732_o.jpg
c3829dd4ab3b42c6,https://farm7.staticflickr.com/2824/10044138114_f142dfb098_o.jpg
c39f747ac56dea35,https://farm6.staticflickr.com/7333/12590366163_78c11e20d4_o.jpg
c3aa2d3c248ec5b3,https://farm4.staticflickr.com/7512/16107335125_e67e6e2b52_o.jpg
c3bcfa0e20fec4dd,https://c6.staticflickr.com/2/1300/954855765_65c32f8e15_o.jpg
c3dd41686e976d9c,https://c5.staticflickr.com/8/7051/6866267121_e5ff851922_o.jpg
c3e33c70e259f3c7,https://farm8.staticflickr.com/8713/16503386834_5ef4ec6355_o.jpg
c43c33aae7daf7bd,https://c6.staticflickr.com/2/1149/5144263560_3172fbf233_o.jpg
c4b82f711e0edc34,https://farm5.staticflickr.com/4144/5045236310_111aaca0fe_o.jpg
c51400259e27253f,https://c8.staticflickr.com/8/7003/6449998925_36c3d57b8e_o.jpg
c51bf0c51ed7da26,https://farm7.staticflickr.com/7170/6675334929_2958f41fdb_o.jpg
c595b25789a0b33c,https://c5.staticflickr.com/3/2853/9604138353_006805e7c3_o.jpg
c59c8493a67ad515,https://farm6.staticflickr.com/7164/6492408659_81eccb85a4_o.jpg
c5b2134fbf74d1fe,https://c7.staticflickr.com/4/3839/14990431246_3f5e926313_o.jpg
c5f4d583ccbf163c,https://c5.staticflickr.com/3/2899/14304483089_f4b2362d8d_o.jpg
c65a63f20997bbf6,https://farm7.staticflickr.com/5014/5423931789_c70386784b_o.jpg
c65f97d14ae09cae,https://c7.staticflickr.com/1/42/120254356_80c9298f4d_o.jpg
c6672b825b04f1c4,https://farm5.staticflickr.com/3103/2577395865_eff1f64cbe_o.jpg
c69654a4376b0e97,https://farm8.staticflickr.com/3667/12873698864_502a636385_o.jpg
c7ade89db7aabd78,https://c1.staticflickr.com/6/5064/5656354212_d7dfb4a753_o.jpg
c836303391ee3c1e,https://c7.staticflickr.com/1/53/165161147_c908c8e56a_o.jpg
c87af3e36e735858,https://c1.staticflickr.com/7/6040/5881153022_5369f2d0f9_o.jpg
c8a6cfb7b8dd9f57,https://farm8.staticflickr.com/1137/1138427262_b5ff2f408f_o.jpg
c8e054ed2e0b82db,https://c4.staticflickr.com/4/3855/18416960213_aec61aa4ee_o.jpg
c928b0c6c6c4443c,https://c5.staticflickr.com/1/105/294034523_ddd627a0ef_o.jpg
c98d14bddd768def,https://c8.staticflickr.com/2/1243/571413515_25a0104098_o.jpg
c996e34efa696342,https://farm3.staticflickr.com/3465/3396148988_19521460e9_o.jpg
c9f124600526c66c,https://c5.staticflickr.com/2/1210/1469438917_1261b1e500_o.jpg
ca7ff5406ba4c688,https://c1.staticflickr.com/8/7389/9521305913_dd289cc646_o.jpg
cbebd9723b4d83ca,https://c3.staticflickr.com/4/3410/3439183976_194f99385c_o.jpg
cc1dc20475c50d84,https://farm5.staticflickr.com/2048/2190724795_1566713dcb_o.jpg
cca4411451c2e924,https://farm5.staticflickr.com/5703/22242583188_b8b3113889_o.jpg
ccab68ee8fc3f50f,https://c8.staticflickr.com/6/5120/5816987217_bec0593241_o.jpg
cd26a41dc9e3651f,https://c8.staticflickr.com/9/8153/7281799294_dd42a97f1e_o.jpg
cd885acb75076ba2,https://farm3.staticflickr.com/2135/2340990714_5a30d2bded_o.jpg
ce339e4cb694bba4,https://farm5.staticflickr.com/7297/9956734294_ee4beaf653_o.jpg
ce9881b36714c4fd,https://c6.staticflickr.com/1/137/370212895_ad443f9b83_o.jpg
ced2f5b6980e2c34,https://farm5.staticflickr.com/3643/3407631511_f7d4662297_o.jpg
cef97605e94c99a7,https://farm8.staticflickr.com/6053/6298319558_186d88cbf3_o.jpg
cefd09b46d646813,https://farm4.staticflickr.com/5231/7075824415_da562533ea_o.jpg
cf229a483673a050,https://farm1.staticflickr.com/22/33753460_10a557e62e_o.jpg
cf94dbc78229813f,https://c8.staticflickr.com/1/385/18932669664_eef5805794_o.jpg
cf9d3eac97e316a8,https://c1.staticflickr.com/4/3915/14388424862_84530e6e50_o.jpg
cfd904aacb86dc91,https://farm2.staticflickr.com/3874/14453818960_2f9a52c632_o.jpg
d04e580cfeeef50f,https://c8.staticflickr.com/1/207/445284121_97edc7477a_o.jpg
d168707ce4136875,https://farm6.staticflickr.com/3007/2578481341_614f346515_o.jpg
d19aabb8612c4150,https://farm1.staticflickr.com/7123/7018014927_cfe61a23ec_o.jpg
d19c0c2d675f97ec,https://c5.staticflickr.com/4/3949/15501833112_47070c217e_o.jpg
d19f67033c4bcd28,https://c1.staticflickr.com/9/8457/7952737188_c01210a4a4_o.jpg
d1a36c0e7795ba40,https://farm1.staticflickr.com/54/127809948_9f7550de85_o.jpg
d243ee5c8efa822d,https://c6.staticflickr.com/9/8051/8110175546_514af4fec2_o.jpg
d2752ffcfaf8720e,https://c7.staticflickr.com/5/4001/4347879220_6a7162c770_o.jpg
d2ddbb18da23035b,https://c4.staticflickr.com/3/2012/2054721380_c8720d753b_o.jpg
d34bafff63b332a2,https://farm3.staticflickr.com/8653/16571731537_086f66014b_o.jpg
d39fa3d089ecd288,https://c1.staticflickr.com/5/4064/4501486785_7cbbb33675_o.jpg
d3afbbe48ada1c80,https://farm1.staticflickr.com/3203/3551070296_0f43c03fd2_o.jpg
d3b7d5a148ea41ab,https://c4.staticflickr.com/8/7299/12587629585_02b917b59f_o.jpg
d3ff9f94015184ea,https://c3.staticflickr.com/1/91/215364289_ec67424915_o.jpg
d4c292d17d55fa02,https://farm3.staticflickr.com/5321/9060534120_a8f89f0b15_o.jpg
d4c5794f9f93bce8,https://c1.staticflickr.com/4/3504/3765190355_690846dd4c_o.jpg
d4deb7c72db9c8cb,https://c4.staticflickr.com/4/3537/3677430278_1cbcca8947_o.jpg
d5035ad599c2b476,https://farm7.staticflickr.com/3075/2312945875_6c3d340d49_o.jpg
d518d07d3eabcb55,https://farm6.staticflickr.com/6149/5944821805_b5f2a840d5_o.jpg
d5542927bbf1003d,https://c6.staticflickr.com/8/7618/16848422300_1ff465f002_o.jpg
d6286089f6ff1386,https://farm7.staticflickr.com/3020/2886510516_e7e51ae125_o.jpg
d657f3410be86221,https://farm2.staticflickr.com/8316/7993987570_96034a976d_o.jpg
d6b2561066543eae,https://c7.staticflickr.com/3/2704/4381791348_64b7d50abf_o.jpg
d6dd3550d9660323,https://farm4.staticflickr.com/3417/3593840226_ed34b91453_o.jpg
d6ddf4e7e08df364,https://farm5.staticflickr.com/2165/3528337580_b69c8310ec_o.jpg
d6e9078aa6e29246,https://farm7.staticflickr.com/3486/3902555221_69be912ac5_o.jpg
d6f6f286042b0c64,https://farm5.staticflickr.com/2927/14454233652_d9fdfe5a9d_o.jpg
d7745df16cf9b85f,https://c8.staticflickr.com/4/3234/2690109473_738fe9ae3d_o.jpg
d7a7944df19eb3fc,https://c5.staticflickr.com/1/220/492244309_93b5f983a1_o.jpg
d84696bc386bd8c1,https://farm2.staticflickr.com/5577/15150664386_22ffd13f55_o.jpg
d951f5557f3ed264,https://farm5.staticflickr.com/4016/4683464431_700b072462_o.jpg
d9600fe7c50d0a69,https://c2.staticflickr.com/8/7256/7433310326_e63befb8e4_o.jpg
d972a007d85286a4,https://farm5.staticflickr.com/5288/5227979446_5fb50669a2_o.jpg
d9e9d9413aa590fb,https://c4.staticflickr.com/8/7368/13108883174_0254abede1_o.jpg
da67add503aa25c8,https://c1.staticflickr.com/9/8527/8633117774_a37911c779_o.jpg
daa7aff2fb445755,https://farm6.staticflickr.com/3022/2667135632_3b1bdac03f_o.jpg
daa87b38ce4c74fb,https://c4.staticflickr.com/8/7258/7604696904_cae8911f73_o.jpg
dab3fe94df6e366c,https://c5.staticflickr.com/8/7415/8723494198_b614488a03_o.jpg
db294c83b20ccdd8,https://c1.staticflickr.com/7/6060/5910613250_42c2fbe754_o.jpg
db53942651533fba,https://c3.staticflickr.com/4/3053/2501087030_2053b47f14_o.jpg
dbb8f8d6f7153772,https://farm3.staticflickr.com/13/98265179_9dd1233c1f_o.jpg
dbccd62bb633ed7b,https://c4.staticflickr.com/1/223/450704422_93b493cac6_o.jpg
dbe35a5bae9ae29c,https://c5.staticflickr.com/1/140/325854604_dae94f9ebd_o.jpg
dc762d5ad120bec6,https://farm7.staticflickr.com/59/185167364_a3a5b4fd22_o.jpg
dd26c74b6b57ff32,https://farm3.staticflickr.com/3350/3444539295_ae9914fc29_o.jpg
dd715ee2c69804ab,https://c4.staticflickr.com/6/5026/5567381422_ab3ef7e18c_o.jpg
ddcbb40625fea418,https://c1.staticflickr.com/8/7373/9210611832_24741b848f_o.jpg
de0f1489eaa4f8d0,https://farm1.staticflickr.com/8444/7951057334_7d2540788e_o.jpg
de9ce6d7a2f8935a,https://c3.staticflickr.com/3/2649/3890248810_a1ffe8ce0d_o.jpg
deac26f172053bd7,https://farm8.staticflickr.com/3062/2769692711_563bd8ff6f_o.jpg
deb1d08855cf8e11,https://farm2.staticflickr.com/77/220825125_61adb9420c_o.jpg
df1fa0de7662fd78,https://c1.staticflickr.com/4/3847/14485270189_c8a6e80cb3_o.jpg
df32740fd66dfd08,https://c1.staticflickr.com/3/2530/3993461905_5ecf4d9899_o.jpg
df713dc5e6569143,https://farm4.staticflickr.com/5008/5246974783_4b11e8677d_o.jpg
df9a7b16eac541c2,https://farm3.staticflickr.com/2092/1782579754_9a92cb4463_o.jpg
dff14a6fade1619c,https://c5.staticflickr.com/4/3224/2998231723_87f6df30d7_o.jpg
e09d8a18507540bc,https://c5.staticflickr.com/3/2947/15454095542_cb118590ef_o.jpg
e0c6bdadec32b71c,https://c5.staticflickr.com/6/5229/5551133441_012e3b981b_o.jpg
e0cec4b2274cf9a0,https://farm1.staticflickr.com/3391/3481634160_4b21626516_o.jpg
e1161c3b12496000,https://farm1.staticflickr.com/3709/9270138143_09e450fca4_o.jpg
e14dfc6513bb6259,https://c2.staticflickr.com/3/2024/2253188907_ba4e057d72_o.jpg
e1909e11bc3c9535,https://farm6.staticflickr.com/2898/14802079591_21bc812e56_o.jpg
e2664bcbcb3e4e3d,https://c6.staticflickr.com/5/4081/4873333918_7c1234d7de_o.jpg
e28024550586f138,https://c1.staticflickr.com/7/6002/5938113080_92ba39e9c4_o.jpg
e2862047deaa0a8d,https://c6.staticflickr.com/3/2159/2447735886_c6834d3e8c_o.jpg
e318c086a9889069,https://c2.staticflickr.com/8/7037/6953473493_18cab40f09_o.jpg
e33c3da2aa2596c1,https://farm2.staticflickr.com/2171/5720616794_767254ab27_o.jpg
e3bd0d3af863f1f0,https://farm1.staticflickr.com/3102/2749366168_beb8c0bc1b_o.jpg
e3d4cb8c8eec3aae,https://c7.staticflickr.com/5/4011/4428290766_a42a455539_o.jpg
e418d47f5f381d46,https://farm7.staticflickr.com/1386/554391786_cf64e15cec_o.jpg
e4a6a0e648ecb935,https://farm6.staticflickr.com/5346/17336457633_1612727769_o.jpg
e4bb9f0e0c6dbb06,https://farm7.staticflickr.com/8757/17761312731_f39ec3f099_o.jpg
e4c6870a907c9195,https://farm6.staticflickr.com/6065/6113861218_b22b75bf5d_o.jpg
e4fce6d52653e3cc,https://c5.staticflickr.com/5/4035/4306427143_c33fc7f242_o.jpg
e529338c651b0f1d,https://c6.staticflickr.com/8/7196/6792905176_15d711ae9b_o.jpg
e54a83325fdb73ba,https://c3.staticflickr.com/6/5180/5561840289_413997be67_o.jpg
e54fd92ca38020db,https://c4.staticflickr.com/7/6132/6021529029_115b8e0116_o.jpg
e57fd77f624d0a83,https://farm4.staticflickr.com/5496/11263420324_7d1345e05d_o.jpg
e58af56f08fab95a,https://c3.staticflickr.com/3/2911/14669917451_ffb65bd10e_o.jpg
e6274235fd979cb9,https://c2.staticflickr.com/6/5270/5597887748_fa41d4552a_o.jpg
e6deb44601940d61,https://farm2.staticflickr.com/5104/5744580752_617fb83856_o.jpg
e80c47c58534df69,https://c2.staticflickr.com/5/4023/4714998756_5f80a75b4e_o.jpg
e8b02d564ae5b847,https://farm8.staticflickr.com/3146/2877267493_7fae219e95_o.jpg
e8ccf1c7e815aec5,https://farm6.staticflickr.com/7339/16418374886_9177d35ff2_o.jpg
e9e8253c122c56ef,https://c8.staticflickr.com/6/5051/5388568759_84110a4cb0_o.jpg
e9f2a58d5b11bbbd,https://c6.staticflickr.com/1/50/152563057_cf3310bce5_o.jpg
ea05310e6bf11eb8,https://c1.staticflickr.com/4/3428/3198928227_bd6be490bd_o.jpg
ea30cd53f3f384a4,https://farm5.staticflickr.com/5119/5840474808_bfc3424538_o.jpg
ea91a62ea8db6ba8,https://c1.staticflickr.com/8/7345/8723491920_6fcfee4bbd_o.jpg
ec02abd6424376f2,https://farm3.staticflickr.com/3012/2767338047_42891dbcdb_o.jpg
ec49de43fa3d9196,https://farm7.staticflickr.com/1309/1456603782_30d633a587_o.jpg
ecc5c395feeb4a6d,https://c6.staticflickr.com/9/8832/17093050344_529595a6cc_o.jpg
ed3e7af28cc2dae3,https://farm4.staticflickr.com/3774/9568025820_19551ae734_o.jpg
ed999761b0ecad86,https://farm7.staticflickr.com/82/263989452_bcc577e7bb_o.jpg
edbd28260b171b72,https://farm3.staticflickr.com/5238/14029291049_d5b7ab33ef_o.jpg
ede547b138f20827,https://farm8.staticflickr.com/8229/8565968237_d7db6fe0c6_o.jpg
edf75e55f0232c26,https://farm7.staticflickr.com/1065/859511461_d35fca3c5b_o.jpg
ee0a0eddef133085,https://farm6.staticflickr.com/2/1668098_83bccc8d8a_o.jpg
ee3fd0a66db93966,https://farm7.staticflickr.com/130/337411836_0ec71b8622_o.jpg
ee8ae2b25f7f83c4,https://c3.staticflickr.com/8/7197/7094346769_b26376ec6f_o.jpg
eecbdeb1baef44b0,https://farm1.staticflickr.com/6024/5964096949_0b95a24301_o.jpg
eeee7e78377dbf24,https://farm5.staticflickr.com/7180/6776338064_d2d7e2e87b_o.jpg
eefc538efb5751f8,https://c1.staticflickr.com/1/515/19502920112_deb545b7a2_o.jpg
ef00f341c74a1590,https://farm1.staticflickr.com/3280/2303042402_d210ac2326_o.jpg
ef1c486e10583e1e,https://c7.staticflickr.com/9/8479/8274120066_d74cffa396_o.jpg
ef61cb9067ca2965,https://farm6.staticflickr.com/5293/5439301998_2a78c8ff65_o.jpg
f00d21f84bf422b8,https://c1.staticflickr.com/4/3053/2922521044_deaf89f420_o.jpg
f02a6431a9694184,https://farm5.staticflickr.com/7311/13966022948_f7e6c4802c_o.jpg
f05395ba9f273521,https://farm2.staticflickr.com/3954/14973981774_2b7d29c63b_o.jpg
f11c7d9c90569015,https://farm6.staticflickr.com/8148/7599033220_1e1dd07793_o.jpg
f19e19c30fde5d18,https://c1.staticflickr.com/6/5498/9182895526_70128427f1_o.jpg
f1bf508c0d98582d,https://c6.staticflickr.com/4/3793/10823006234_5d5eb31388_o.jpg
f28ffabc199c4684,https://c4.staticflickr.com/6/5060/5424928398_45b50bf53d_o.jpg
f2b99192fd74c35a,https://c3.staticflickr.com/8/7658/18115653882_58e5bf2d96_o.jpg
f2d0d1c541317b09,https://c2.staticflickr.com/4/3501/4559811896_6c39f44ea6_o.jpg
f2e0419ed3d53f5a,https://c3.staticflickr.com/9/8092/8487799292_2a5abb112b_o.jpg
f32f4ae67147c4f8,https://c1.staticflickr.com/3/2706/4362421362_73599db7b5_o.jpg
f34886bfb79f06c1,https://farm2.staticflickr.com/35/65462256_9a63fd3834_o.jpg
f4342977dece0237,https://farm8.staticflickr.com/3766/9030096482_8dedc79af1_o.jpg
f4b8cc3f0a9518ef,https://c8.staticflickr.com/1/206/520264859_059928e889_o.jpg
f4fd598d0e986d76,https://farm7.staticflickr.com/2638/3679422761_894fdf504c_o.jpg
f562d4f0e4574260,https://farm1.staticflickr.com/2161/1563934628_dc77af6612_o.jpg
f57fc6be082106bf,https://c8.staticflickr.com/9/8152/7478838284_7297cf605c_o.jpg
f59b39ee812712a0,https://farm1.staticflickr.com/5496/10167609435_9bf8a1b747_o.jpg
f5a8518d25abf0f7,https://farm8.staticflickr.com/8185/8138171146_9e905eaa59_o.jpg
f5aa0ff7125115d0,https://farm1.staticflickr.com/4034/4712441683_bafec85f38_o.jpg
f5ada86ccc81aa86,https://farm7.staticflickr.com/73/203694084_6529d70f66_o.jpg
f617413b8d8c8ab8,https://c1.staticflickr.com/1/23/35605279_0d6fc2f729_o.jpg
f63a165ab733e256,https://farm7.staticflickr.com/7622/16691360849_8c3e9a693f_o.jpg
f67751d166d62382,https://farm3.staticflickr.com/7170/6393463971_78f1fbe7d3_o.jpg
f67acdc88a0f7709,https://c2.staticflickr.com/1/49/145685057_7b6d6fcd7c_o.jpg
f685b433f671b8ae,https://c7.staticflickr.com/6/5468/7220484312_b620e961be_o.jpg
f6f2fb313d3bb154,https://farm5.staticflickr.com/2005/2408244063_e0f7a8f234_o.jpg
f74ed222458e5184,https://farm5.staticflickr.com/22/31445193_5c71c2257e_o.jpg
f76f38ebddf1ef6c,https://c5.staticflickr.com/5/4020/4350440981_4a9bd8b09f_o.jpg
f7c081326e8add40,https://farm1.staticflickr.com/8038/7965866426_74cacc6991_o.jpg
f832f14af77ef2c1,https://farm2.staticflickr.com/3934/15408816920_ed1907d211_o.jpg
f84346cec2bbc7db,https://c4.staticflickr.com/5/4022/4682773980_cf17381143_o.jpg
f859f9bb8cafc317,https://farm8.staticflickr.com/7336/11218635435_f130b65c09_o.jpg
f9116401063ab394,https://farm5.staticflickr.com/21/32895955_e52e1b1163_o.jpg
f9252e1b5d6d7a45,https://farm6.staticflickr.com/1090/666243844_86d28b70be_o.jpg
f9871585023fdea2,https://farm3.staticflickr.com/6053/6388901451_e08e43ab54_o.jpg
f9b3470e14b2cd6f,https://c8.staticflickr.com/9/8575/16002571903_5dced65306_o.jpg
fa296dcdc86fe97f,https://c8.staticflickr.com/4/3406/3433357365_fbe7635790_o.jpg
fa402ae1f6bfec86,https://farm7.staticflickr.com/2091/2408430814_359c17eb5e_o.jpg
fa57cc2c0652c328,https://c1.staticflickr.com/5/4132/5042761704_368ec22e05_o.jpg
fa89826c1d927de8,https://c1.staticflickr.com/3/2698/4232951528_d24e35e556_o.jpg
facef130d36d365e,https://c7.staticflickr.com/4/3377/3551393553_84c667bdff_o.jpg
fb2aa0a21a26fbb5,https://farm6.staticflickr.com/5468/7431436228_c0a3b82f75_o.jpg
fb478a17dfcc8eb5,https://farm6.staticflickr.com/7263/7441985490_01ce46a605_o.jpg
fb986ad617299258,https://c1.staticflickr.com/6/5067/5690504518_99bb76d946_o.jpg
fbc1235b69dfa5b1,https://farm2.staticflickr.com/2507/4102222203_656f408f6b_o.jpg
fbd1052033d13eb4,https://farm5.staticflickr.com/7524/15675621152_1dca16a13f_o.jpg
fc24f38f6a35e350,https://farm1.staticflickr.com/7116/7655693240_dd09a3de97_o.jpg
fc8989da28e4c4f9,https://c2.staticflickr.com/6/5664/20535032185_7b9993e4f1_o.jpg
fd8be86a499388e4,https://farm5.staticflickr.com/4008/4454594554_9d66c05caa_o.jpg
fdfa0658c44455a9,https://c2.staticflickr.com/1/28/54877763_8aa1160867_o.jpg
fe4eb88b8a087bd6,https://farm7.staticflickr.com/8740/16823267917_d5e4ddddfd_o.jpg
fe79e10c9e5cd11f,https://c8.staticflickr.com/1/146/412975749_abb0f0a02c_o.jpg
fe9b238fd817bb70,https://farm1.staticflickr.com/41/92791806_c3ab9d1b04_o.jpg
fea5c82c447ebd0f,https://c8.staticflickr.com/1/27/60528532_5b21a5794e_o.jpg
fef9c3168bf8a640,https://farm1.staticflickr.com/7668/16869408958_676a4d9b26_o.jpg
ff702aef748471d2,https://farm3.staticflickr.com/3703/13497837394_9eaaa8b983_o.jpg
